[2026-07-26T18:07:19+0000] RUN_START
[2026-07-26T18:07:19+0000] START afx_scraper
2026-07-26 18:07:22 [scrapy.utils.log] INFO: Scrapy 2.14.1 started (bot: nse_scraper)
2026-07-26 18:07:22 [scrapy.utils.log] INFO: Versions:
{'lxml': '6.0.2',
 'libxml2': '2.14.6',
 'cssselect': '1.4.0',
 'parsel': '1.11.0',
 'w3lib': '2.3.1',
 'Twisted': '25.5.0',
 'Python': '3.14.6 (main, Jul 14 2026, 02:06:15) [GCC 14.2.0]',
 'pyOpenSSL': '25.3.0 (OpenSSL 3.5.5 27 Jan 2026)',
 'cryptography': '46.0.4',
 'Platform': 'Linux-6.8.0-100-generic-x86_64-with-glibc2.41'}
2026-07-26 18:07:22 [scrapy.addons] INFO: Enabled addons:
[]
2026-07-26 18:07:22 [scrapy.extensions.telnet] INFO: Telnet Password: 72a46278f22594de
2026-07-26 18:07:23 [scrapy.middleware] INFO: Enabled extensions:
['scrapy.extensions.corestats.CoreStats',
 'scrapy.extensions.logcount.LogCount',
 'scrapy.extensions.telnet.TelnetConsole',
 'scrapy.extensions.memusage.MemoryUsage',
 'scrapy.extensions.logstats.LogStats',
 'scrapy.extensions.throttle.AutoThrottle',
 'nse_scraper.extensions.DataQualityGate']
2026-07-26 18:07:23 [scrapy.crawler] INFO: Overridden settings:
{'AUTOTHROTTLE_ENABLED': True,
 'AUTOTHROTTLE_MAX_DELAY': 20,
 'AUTOTHROTTLE_START_DELAY': 1,
 'BOT_NAME': 'nse_scraper',
 'CONCURRENT_REQUESTS': 8,
 'CONCURRENT_REQUESTS_PER_DOMAIN': 2,
 'DOWNLOAD_DELAY': 1,
 'DOWNLOAD_TIMEOUT': 30,
 'HTTPCACHE_ENABLED': 'False',
 'HTTPCACHE_EXPIRATION_SECS': 3600,
 'LOG_LEVEL': 'INFO',
 'NEWSPIDER_MODULE': 'nse_scraper.spiders',
 'RETRY_HTTP_CODES': [500, 502, 503, 504, 408, 429],
 'RETRY_TIMES': 3,
 'SPIDER_MODULES': ['nse_scraper.spiders'],
 'USER_AGENT': 'Mozilla/5.0 (Windows NT 10.0; Win64; x64) AppleWebKit/537.36 '
               '(KHTML, like Gecko) Chrome/120.0.0.0 Safari/537.36'}
2026-07-26 18:07:23 [scrapy.middleware] INFO: Enabled downloader middlewares:
['scrapy.downloadermiddlewares.offsite.OffsiteMiddleware',
 'scrapy.downloadermiddlewares.httpauth.HttpAuthMiddleware',
 'scrapy.downloadermiddlewares.downloadtimeout.DownloadTimeoutMiddleware',
 'scrapy.downloadermiddlewares.defaultheaders.DefaultHeadersMiddleware',
 'scrapy.downloadermiddlewares.useragent.UserAgentMiddleware',
 'nse_scraper.middlewares.NseScraperDownloaderMiddleware',
 'scrapy.downloadermiddlewares.retry.RetryMiddleware',
 'scrapy.downloadermiddlewares.redirect.MetaRefreshMiddleware',
 'scrapy.downloadermiddlewares.httpcompression.HttpCompressionMiddleware',
 'scrapy.downloadermiddlewares.redirect.RedirectMiddleware',
 'scrapy.downloadermiddlewares.cookies.CookiesMiddleware',
 'scrapy.downloadermiddlewares.httpproxy.HttpProxyMiddleware',
 'scrapy.downloadermiddlewares.stats.DownloaderStats']
2026-07-26 18:07:23 [py.warnings] WARNING: /usr/local/lib/python3.14/site-packages/scrapy/core/downloader/middleware.py:44: ScrapyDeprecationWarning: NseScraperDownloaderMiddleware.process_request() requires a spider argument, this is deprecated and the argument will not be passed in future Scrapy versions. If you need to access the spider instance you can save the crawler instance passed to from_crawler() and use its spider attribute.
  self._check_mw_method_spider_arg(mw.process_request)

2026-07-26 18:07:23 [scrapy.middleware] INFO: Enabled spider middlewares:
['scrapy.spidermiddlewares.start.StartSpiderMiddleware',
 'scrapy.spidermiddlewares.httperror.HttpErrorMiddleware',
 'scrapy.spidermiddlewares.referer.RefererMiddleware',
 'scrapy.spidermiddlewares.urllength.UrlLengthMiddleware',
 'scrapy.spidermiddlewares.depth.DepthMiddleware']
2026-07-26 18:07:23 [scrapy.middleware] INFO: Enabled item pipelines:
['nse_scraper.pipelines.NseScraperPipeline']
2026-07-26 18:07:23 [scrapy.core.engine] INFO: Spider opened
2026-07-26 18:07:24 [nse_scraper.db.backends] INFO: Supabase backend ready
2026-07-26 18:07:24 [nse_scraper.pipelines] INFO: Storage backend active: supabase
2026-07-26 18:07:24 [scrapy.extensions.logstats] INFO: Crawled 0 pages (at 0 pages/min), scraped 0 items (at 0 items/min)
2026-07-26 18:07:24 [afx_scraper] INFO: Spider opened: afx_scraper
2026-07-26 18:07:24 [scrapy.extensions.telnet] INFO: Telnet console listening on 127.0.0.1:6023
2026-07-26 18:08:24 [scrapy.extensions.logstats] INFO: Crawled 0 pages (at 0 pages/min), scraped 0 items (at 0 items/min)
2026-07-26 18:09:24 [scrapy.extensions.logstats] INFO: Crawled 0 pages (at 0 pages/min), scraped 0 items (at 0 items/min)
2026-07-26 18:09:24 [scrapy.downloadermiddlewares.retry] ERROR: Gave up retrying <GET https://afx.kwayisi.org/nse/> (failed 4 times): User timeout caused connection failure.
2026-07-26 18:09:25 [scrapy.core.scraper] ERROR: Error downloading <GET https://afx.kwayisi.org/nse/>
Traceback (most recent call last):
  File "/usr/local/lib/python3.14/site-packages/twisted/internet/defer.py", line 1853, in _inlineCallbacks
    result = context.run(
        cast(Failure, result).throwExceptionIntoGenerator, gen
    )
  File "/usr/local/lib/python3.14/site-packages/twisted/python/failure.py", line 467, in throwExceptionIntoGenerator
    return g.throw(self.value.with_traceback(self.tb))
           ~~~~~~~^^^^^^^^^^^^^^^^^^^^^^^^^^^^^^^^^^^^
  File "/usr/local/lib/python3.14/site-packages/scrapy/core/engine.py", line 490, in _download
    result = yield self.downloader.fetch(request)
             ^^^^^^^^^^^^^^^^^^^^^^^^^^^^^^^^^^^^
  File "/usr/local/lib/python3.14/site-packages/twisted/internet/defer.py", line 1853, in _inlineCallbacks
    result = context.run(
        cast(Failure, result).throwExceptionIntoGenerator, gen
    )
  File "/usr/local/lib/python3.14/site-packages/twisted/python/failure.py", line 467, in throwExceptionIntoGenerator
    return g.throw(self.value.with_traceback(self.tb))
           ~~~~~~~^^^^^^^^^^^^^^^^^^^^^^^^^^^^^^^^^^^^
  File "/usr/local/lib/python3.14/site-packages/scrapy/core/downloader/__init__.py", line 144, in fetch
    yield deferred_from_coro(
        self.middleware.download_async(self._enqueue_request, request)
    )
  File "/usr/local/lib/python3.14/site-packages/twisted/internet/defer.py", line 1257, in adapt
    extracted: _SelfResultT | Failure = result.result()
                                        ~~~~~~~~~~~~~^^
  File "/usr/local/lib/python3.14/site-packages/scrapy/core/downloader/middleware.py", line 158, in download_async
    result = await process_exception(ex)
             ^^^^^^^^^^^^^^^^^^^^^^^^^^^
  File "/usr/local/lib/python3.14/site-packages/scrapy/core/downloader/middleware.py", line 150, in process_exception
    raise exception
  File "/usr/local/lib/python3.14/site-packages/scrapy/core/downloader/middleware.py", line 153, in download_async
    result: Response | Request = await process_request(request)
                                 ^^^^^^^^^^^^^^^^^^^^^^^^^^^^^^
  File "/usr/local/lib/python3.14/site-packages/scrapy/core/downloader/middleware.py", line 97, in process_request
    return await download_func(request)
           ^^^^^^^^^^^^^^^^^^^^^^^^^^^^
  File "/usr/local/lib/python3.14/site-packages/scrapy/core/downloader/__init__.py", line 202, in _enqueue_request
    return await maybe_deferred_to_future(d)  # fired in _wait_for_download()
           ^^^^^^^^^^^^^^^^^^^^^^^^^^^^^^^^^
  File "/usr/local/lib/python3.14/site-packages/scrapy/core/downloader/__init__.py", line 269, in _wait_for_download
    response = await self._download(slot, request)
               ^^^^^^^^^^^^^^^^^^^^^^^^^^^^^^^^^^^
  File "/usr/local/lib/python3.14/site-packages/scrapy/core/downloader/__init__.py", line 239, in _download
    response: Response = await self.handlers.download_request_async(request)
                         ^^^^^^^^^^^^^^^^^^^^^^^^^^^^^^^^^^^^^^^^^^^^^^^^^^^
  File "/usr/local/lib/python3.14/site-packages/scrapy/core/downloader/handlers/__init__.py", line 156, in download_request_async
    return await handler.download_request(request)
           ^^^^^^^^^^^^^^^^^^^^^^^^^^^^^^^^^^^^^^^
  File "/usr/local/lib/python3.14/site-packages/scrapy/core/downloader/handlers/http11.py", line 113, in download_request
    return await maybe_deferred_to_future(agent.download_request(request))
           ^^^^^^^^^^^^^^^^^^^^^^^^^^^^^^^^^^^^^^^^^^^^^^^^^^^^^^^^^^^^^^^
twisted.internet.error.TimeoutError: User timeout caused connection failure.
2026-07-26 18:09:25 [scrapy.core.engine] INFO: Closing spider (finished)
2026-07-26 18:09:25 [nse_scraper.pipelines] INFO: Storage backend closed
2026-07-26 18:09:25 [nse_scraper.extensions] INFO: Data quality gate passed for afx_scraper: 0 items (minimum 0)
2026-07-26 18:09:25 [scrapy.statscollectors] INFO: Dumping Scrapy stats:
{'downloader/exception_count': 4,
 'downloader/exception_type_count/twisted.internet.error.TimeoutError': 4,
 'downloader/request_bytes': 1276,
 'downloader/request_count': 4,
 'downloader/request_method_count/GET': 4,
 'elapsed_time_seconds': 121.032395,
 'finish_reason': 'finished',
 'finish_time': datetime.datetime(2026, 7, 26, 18, 9, 25, 37524, tzinfo=datetime.timezone.utc),
 'items_per_minute': 0.0,
 'log_count/ERROR': 2,
 'log_count/INFO': 7,
 'memusage/max': 104722432,
 'memusage/startup': 104067072,
 'responses_per_minute': 0.0,
 'retry/count': 3,
 'retry/max_reached': 1,
 'retry/reason_count/twisted.internet.error.TimeoutError': 3,
 'scheduler/dequeued': 4,
 'scheduler/dequeued/memory': 4,
 'scheduler/enqueued': 4,
 'scheduler/enqueued/memory': 4,
 'start_time': datetime.datetime(2026, 7, 26, 18, 7, 24, 5129, tzinfo=datetime.timezone.utc)}
2026-07-26 18:09:25 [scrapy.core.engine] INFO: Spider closed (finished)
[2026-07-26T18:09:26+0000] END afx_scraper exit=0
[2026-07-26T18:09:26+0000] QUALITY afx_scraper OK items=0 min=0 db_ok=0 db_failed=0
[2026-07-26T18:09:26+0000] START stockanalysis_scraper
2026-07-26 18:09:28 [scrapy.utils.log] INFO: Scrapy 2.14.1 started (bot: nse_scraper)
2026-07-26 18:09:28 [scrapy.utils.log] INFO: Versions:
{'lxml': '6.0.2',
 'libxml2': '2.14.6',
 'cssselect': '1.4.0',
 'parsel': '1.11.0',
 'w3lib': '2.3.1',
 'Twisted': '25.5.0',
 'Python': '3.14.6 (main, Jul 14 2026, 02:06:15) [GCC 14.2.0]',
 'pyOpenSSL': '25.3.0 (OpenSSL 3.5.5 27 Jan 2026)',
 'cryptography': '46.0.4',
 'Platform': 'Linux-6.8.0-100-generic-x86_64-with-glibc2.41'}
2026-07-26 18:09:28 [scrapy.addons] INFO: Enabled addons:
[]
2026-07-26 18:09:28 [scrapy.extensions.telnet] INFO: Telnet Password: 2f828046d75a0142
2026-07-26 18:09:29 [scrapy.middleware] INFO: Enabled extensions:
['scrapy.extensions.corestats.CoreStats',
 'scrapy.extensions.logcount.LogCount',
 'scrapy.extensions.telnet.TelnetConsole',
 'scrapy.extensions.memusage.MemoryUsage',
 'scrapy.extensions.logstats.LogStats',
 'scrapy.extensions.throttle.AutoThrottle',
 'nse_scraper.extensions.DataQualityGate']
2026-07-26 18:09:29 [scrapy.crawler] INFO: Overridden settings:
{'AUTOTHROTTLE_ENABLED': True,
 'AUTOTHROTTLE_START_DELAY': 2,
 'BOT_NAME': 'nse_scraper',
 'CONCURRENT_REQUESTS': 8,
 'CONCURRENT_REQUESTS_PER_DOMAIN': 1,
 'DOWNLOAD_DELAY': 2.0,
 'DOWNLOAD_TIMEOUT': 30,
 'HTTPCACHE_ENABLED': 'False',
 'HTTPCACHE_EXPIRATION_SECS': 3600,
 'LOG_LEVEL': 'INFO',
 'NEWSPIDER_MODULE': 'nse_scraper.spiders',
 'RETRY_HTTP_CODES': [500, 502, 503, 504, 408, 429, 403],
 'RETRY_TIMES': 4,
 'SPIDER_MODULES': ['nse_scraper.spiders'],
 'USER_AGENT': 'Mozilla/5.0 (Windows NT 10.0; Win64; x64) AppleWebKit/537.36 '
               '(KHTML, like Gecko) Chrome/120.0.0.0 Safari/537.36'}
2026-07-26 18:09:29 [scrapy.middleware] INFO: Enabled downloader middlewares:
['scrapy.downloadermiddlewares.offsite.OffsiteMiddleware',
 'scrapy.downloadermiddlewares.httpauth.HttpAuthMiddleware',
 'scrapy.downloadermiddlewares.downloadtimeout.DownloadTimeoutMiddleware',
 'scrapy.downloadermiddlewares.defaultheaders.DefaultHeadersMiddleware',
 'scrapy.downloadermiddlewares.useragent.UserAgentMiddleware',
 'nse_scraper.middlewares.NseScraperDownloaderMiddleware',
 'scrapy.downloadermiddlewares.retry.RetryMiddleware',
 'scrapy.downloadermiddlewares.redirect.MetaRefreshMiddleware',
 'scrapy.downloadermiddlewares.httpcompression.HttpCompressionMiddleware',
 'scrapy.downloadermiddlewares.redirect.RedirectMiddleware',
 'scrapy.downloadermiddlewares.cookies.CookiesMiddleware',
 'scrapy.downloadermiddlewares.httpproxy.HttpProxyMiddleware',
 'scrapy.downloadermiddlewares.stats.DownloaderStats']
2026-07-26 18:09:29 [py.warnings] WARNING: /usr/local/lib/python3.14/site-packages/scrapy/core/downloader/middleware.py:44: ScrapyDeprecationWarning: NseScraperDownloaderMiddleware.process_request() requires a spider argument, this is deprecated and the argument will not be passed in future Scrapy versions. If you need to access the spider instance you can save the crawler instance passed to from_crawler() and use its spider attribute.
  self._check_mw_method_spider_arg(mw.process_request)

2026-07-26 18:09:29 [scrapy.middleware] INFO: Enabled spider middlewares:
['scrapy.spidermiddlewares.start.StartSpiderMiddleware',
 'scrapy.spidermiddlewares.httperror.HttpErrorMiddleware',
 'scrapy.spidermiddlewares.referer.RefererMiddleware',
 'scrapy.spidermiddlewares.urllength.UrlLengthMiddleware',
 'scrapy.spidermiddlewares.depth.DepthMiddleware']
2026-07-26 18:09:29 [scrapy.middleware] INFO: Enabled item pipelines:
['nse_scraper.pipelines.StockAnalysisPipeline']
2026-07-26 18:09:29 [scrapy.core.engine] INFO: Spider opened
2026-07-26 18:09:30 [nse_scraper.db.backends] INFO: Supabase backend ready
2026-07-26 18:09:30 [nse_scraper.pipelines] INFO: StockAnalysisPipeline: Supabase storage active
2026-07-26 18:09:30 [scrapy.extensions.logstats] INFO: Crawled 0 pages (at 0 pages/min), scraped 0 items (at 0 items/min)
2026-07-26 18:09:30 [stockanalysis_scraper] INFO: Spider opened: stockanalysis_scraper
2026-07-26 18:09:30 [scrapy.extensions.telnet] INFO: Telnet console listening on 127.0.0.1:6023
2026-07-26 18:09:30 [nse_scraper.spiders.stockanalysis_scraper] INFO: View 'performance' missing in embedded payload; rebuilding from per-symbol pages
2026-07-26 18:09:32 [nse_scraper.spiders.stockanalysis_scraper] WARNING: Per-symbol page request failed: https://stockanalysis.com/quote/nase/ALP/dividend/ (Ignoring non-200 response)
2026-07-26 18:09:37 [nse_scraper.spiders.stockanalysis_scraper] WARNING: Per-symbol page request failed: https://stockanalysis.com/quote/nase/TRFC/dividend/ (Ignoring non-200 response)
2026-07-26 18:09:41 [nse_scraper.spiders.stockanalysis_scraper] WARNING: Per-symbol page request failed: https://stockanalysis.com/quote/nase/KURV/dividend/ (Ignoring non-200 response)
2026-07-26 18:09:46 [nse_scraper.spiders.stockanalysis_scraper] WARNING: Per-symbol page request failed: https://stockanalysis.com/quote/nase/EVRD/dividend/ (Ignoring non-200 response)
2026-07-26 18:09:51 [nse_scraper.spiders.stockanalysis_scraper] WARNING: Per-symbol page request failed: https://stockanalysis.com/quote/nase/OCH/dividend/ (Ignoring non-200 response)
2026-07-26 18:09:56 [nse_scraper.spiders.stockanalysis_scraper] WARNING: Per-symbol page request failed: https://stockanalysis.com/quote/nase/FTGH/dividend/ (Ignoring non-200 response)
2026-07-26 18:10:01 [nse_scraper.spiders.stockanalysis_scraper] WARNING: Per-symbol page request failed: https://stockanalysis.com/quote/nase/XPRS/dividend/ (Ignoring non-200 response)
2026-07-26 18:10:05 [nse_scraper.spiders.stockanalysis_scraper] WARNING: Per-symbol page request failed: https://stockanalysis.com/quote/nase/HAFR/dividend/ (Ignoring non-200 response)
2026-07-26 18:10:10 [nse_scraper.spiders.stockanalysis_scraper] WARNING: Per-symbol page request failed: https://stockanalysis.com/quote/nase/CABL/dividend/ (Ignoring non-200 response)
2026-07-26 18:10:15 [nse_scraper.spiders.stockanalysis_scraper] WARNING: Per-symbol page request failed: https://stockanalysis.com/quote/nase/SGL/dividend/ (Ignoring non-200 response)
2026-07-26 18:10:20 [nse_scraper.spiders.stockanalysis_scraper] WARNING: Per-symbol page request failed: https://stockanalysis.com/quote/nase/SKL/dividend/ (Ignoring non-200 response)
2026-07-26 18:10:25 [nse_scraper.spiders.stockanalysis_scraper] WARNING: Per-symbol page request failed: https://stockanalysis.com/quote/nase/UCHM/dividend/ (Ignoring non-200 response)
2026-07-26 18:10:30 [nse_scraper.spiders.stockanalysis_scraper] WARNING: Per-symbol page request failed: https://stockanalysis.com/quote/nase/LKL/dividend/ (Ignoring non-200 response)
2026-07-26 18:10:30 [scrapy.extensions.logstats] INFO: Crawled 26 pages (at 26 pages/min), scraped 96 items (at 96 items/min)
2026-07-26 18:10:39 [nse_scraper.spiders.stockanalysis_scraper] WARNING: Per-symbol page request failed: https://stockanalysis.com/quote/nase/EGAD/dividend/ (Ignoring non-200 response)
2026-07-26 18:10:43 [nse_scraper.spiders.stockanalysis_scraper] WARNING: Per-symbol page request failed: https://stockanalysis.com/quote/nase/TCL/dividend/ (Ignoring non-200 response)
2026-07-26 18:10:55 [nse_scraper.spiders.stockanalysis_scraper] WARNING: Per-symbol page request failed: https://stockanalysis.com/quote/nase/AMAC/dividend/ (Ignoring non-200 response)
2026-07-26 18:11:00 [nse_scraper.spiders.stockanalysis_scraper] WARNING: Per-symbol page request failed: https://stockanalysis.com/quote/nase/NBV/dividend/ (Ignoring non-200 response)
2026-07-26 18:11:09 [nse_scraper.spiders.stockanalysis_scraper] WARNING: Per-symbol page request failed: https://stockanalysis.com/quote/nase/UNGA/dividend/ (Ignoring non-200 response)
2026-07-26 18:11:30 [scrapy.extensions.logstats] INFO: Crawled 50 pages (at 24 pages/min), scraped 137 items (at 41 items/min)
2026-07-26 18:11:34 [nse_scraper.spiders.stockanalysis_scraper] WARNING: Per-symbol page request failed: https://stockanalysis.com/quote/nase/SLAM/dividend/ (Ignoring non-200 response)
2026-07-26 18:11:39 [nse_scraper.spiders.stockanalysis_scraper] WARNING: Per-symbol page request failed: https://stockanalysis.com/quote/nase/SMER/dividend/ (Ignoring non-200 response)
2026-07-26 18:12:30 [scrapy.extensions.logstats] INFO: Crawled 54 pages (at 4 pages/min), scraped 143 items (at 6 items/min)
2026-07-26 18:13:30 [scrapy.extensions.logstats] INFO: Crawled 54 pages (at 0 pages/min), scraped 143 items (at 0 items/min)
2026-07-26 18:14:30 [scrapy.extensions.logstats] INFO: Crawled 54 pages (at 0 pages/min), scraped 143 items (at 0 items/min)
2026-07-26 18:15:30 [scrapy.extensions.logstats] INFO: Crawled 54 pages (at 0 pages/min), scraped 143 items (at 0 items/min)
2026-07-26 18:15:46 [nse_scraper.spiders.stockanalysis_scraper] WARNING: Per-symbol page request failed: https://stockanalysis.com/quote/nase/FMLY/dividend/ (Ignoring non-200 response)
2026-07-26 18:16:30 [scrapy.extensions.logstats] INFO: Crawled 57 pages (at 3 pages/min), scraped 146 items (at 3 items/min)
2026-07-26 18:17:30 [scrapy.extensions.logstats] INFO: Crawled 57 pages (at 0 pages/min), scraped 146 items (at 0 items/min)
2026-07-26 18:18:30 [scrapy.extensions.logstats] INFO: Crawled 57 pages (at 0 pages/min), scraped 146 items (at 0 items/min)
2026-07-26 18:19:30 [scrapy.extensions.logstats] INFO: Crawled 57 pages (at 0 pages/min), scraped 146 items (at 0 items/min)
2026-07-26 18:20:30 [scrapy.extensions.logstats] INFO: Crawled 57 pages (at 0 pages/min), scraped 146 items (at 0 items/min)
2026-07-26 18:21:30 [scrapy.extensions.logstats] INFO: Crawled 57 pages (at 0 pages/min), scraped 146 items (at 0 items/min)
2026-07-26 18:22:30 [scrapy.extensions.logstats] INFO: Crawled 57 pages (at 0 pages/min), scraped 146 items (at 0 items/min)
2026-07-26 18:23:03 [scrapy.downloadermiddlewares.retry] ERROR: Gave up retrying <GET https://stockanalysis.com/quote/nase/SMER/> (failed 5 times): 403 Forbidden
2026-07-26 18:23:03 [nse_scraper.spiders.stockanalysis_scraper] WARNING: Per-symbol page request failed: https://stockanalysis.com/quote/nase/SMER/ (Ignoring non-200 response)
2026-07-26 18:23:06 [scrapy.downloadermiddlewares.retry] ERROR: Gave up retrying <GET https://stockanalysis.com/quote/nase/LBTY/dividend/> (failed 5 times): 403 Forbidden
2026-07-26 18:23:06 [nse_scraper.spiders.stockanalysis_scraper] WARNING: Per-symbol page request failed: https://stockanalysis.com/quote/nase/LBTY/dividend/ (Ignoring non-200 response)
2026-07-26 18:23:08 [scrapy.downloadermiddlewares.retry] ERROR: Gave up retrying <GET https://stockanalysis.com/quote/nase/LBTY/> (failed 5 times): 403 Forbidden
2026-07-26 18:23:08 [nse_scraper.spiders.stockanalysis_scraper] WARNING: Per-symbol page request failed: https://stockanalysis.com/quote/nase/LBTY/ (Ignoring non-200 response)
2026-07-26 18:23:11 [scrapy.downloadermiddlewares.retry] ERROR: Gave up retrying <GET https://stockanalysis.com/quote/nase/SASN/dividend/> (failed 5 times): 403 Forbidden
2026-07-26 18:23:11 [nse_scraper.spiders.stockanalysis_scraper] WARNING: Per-symbol page request failed: https://stockanalysis.com/quote/nase/SASN/dividend/ (Ignoring non-200 response)
2026-07-26 18:23:13 [scrapy.downloadermiddlewares.retry] ERROR: Gave up retrying <GET https://stockanalysis.com/quote/nase/SASN/> (failed 5 times): 403 Forbidden
2026-07-26 18:23:14 [nse_scraper.spiders.stockanalysis_scraper] WARNING: Per-symbol page request failed: https://stockanalysis.com/quote/nase/SASN/ (Ignoring non-200 response)
2026-07-26 18:23:16 [scrapy.downloadermiddlewares.retry] ERROR: Gave up retrying <GET https://stockanalysis.com/quote/nase/KAPC/dividend/> (failed 5 times): 403 Forbidden
2026-07-26 18:23:16 [nse_scraper.spiders.stockanalysis_scraper] WARNING: Per-symbol page request failed: https://stockanalysis.com/quote/nase/KAPC/dividend/ (Ignoring non-200 response)
2026-07-26 18:23:19 [scrapy.downloadermiddlewares.retry] ERROR: Gave up retrying <GET https://stockanalysis.com/quote/nase/KAPC/> (failed 5 times): 403 Forbidden
2026-07-26 18:23:19 [nse_scraper.spiders.stockanalysis_scraper] WARNING: Per-symbol page request failed: https://stockanalysis.com/quote/nase/KAPC/ (Ignoring non-200 response)
2026-07-26 18:23:22 [scrapy.downloadermiddlewares.retry] ERROR: Gave up retrying <GET https://stockanalysis.com/quote/nase/WTK/dividend/> (failed 5 times): 403 Forbidden
2026-07-26 18:23:22 [nse_scraper.spiders.stockanalysis_scraper] WARNING: Per-symbol page request failed: https://stockanalysis.com/quote/nase/WTK/dividend/ (Ignoring non-200 response)
2026-07-26 18:23:24 [scrapy.downloadermiddlewares.retry] ERROR: Gave up retrying <GET https://stockanalysis.com/quote/nase/WTK/> (failed 5 times): 403 Forbidden
2026-07-26 18:23:24 [nse_scraper.spiders.stockanalysis_scraper] WARNING: Per-symbol page request failed: https://stockanalysis.com/quote/nase/WTK/ (Ignoring non-200 response)
2026-07-26 18:23:26 [scrapy.downloadermiddlewares.retry] ERROR: Gave up retrying <GET https://stockanalysis.com/quote/nase/NSE/dividend/> (failed 5 times): 403 Forbidden
2026-07-26 18:23:26 [nse_scraper.spiders.stockanalysis_scraper] WARNING: Per-symbol page request failed: https://stockanalysis.com/quote/nase/NSE/dividend/ (Ignoring non-200 response)
2026-07-26 18:23:27 [scrapy.downloadermiddlewares.retry] ERROR: Gave up retrying <GET https://stockanalysis.com/quote/nase/NSE/> (failed 5 times): 403 Forbidden
2026-07-26 18:23:28 [nse_scraper.spiders.stockanalysis_scraper] WARNING: Per-symbol page request failed: https://stockanalysis.com/quote/nase/NSE/ (Ignoring non-200 response)
2026-07-26 18:23:30 [scrapy.extensions.logstats] INFO: Crawled 68 pages (at 11 pages/min), scraped 146 items (at 0 items/min)
2026-07-26 18:23:30 [scrapy.downloadermiddlewares.retry] ERROR: Gave up retrying <GET https://stockanalysis.com/quote/nase/CRWN/dividend/> (failed 5 times): 403 Forbidden
2026-07-26 18:23:30 [nse_scraper.spiders.stockanalysis_scraper] WARNING: Per-symbol page request failed: https://stockanalysis.com/quote/nase/CRWN/dividend/ (Ignoring non-200 response)
2026-07-26 18:23:31 [scrapy.downloadermiddlewares.retry] ERROR: Gave up retrying <GET https://stockanalysis.com/quote/nase/CRWN/> (failed 5 times): 403 Forbidden
2026-07-26 18:23:32 [nse_scraper.spiders.stockanalysis_scraper] WARNING: Per-symbol page request failed: https://stockanalysis.com/quote/nase/CRWN/ (Ignoring non-200 response)
2026-07-26 18:23:34 [scrapy.downloadermiddlewares.retry] ERROR: Gave up retrying <GET https://stockanalysis.com/quote/nase/KUKZ/dividend/> (failed 5 times): 403 Forbidden
2026-07-26 18:23:34 [nse_scraper.spiders.stockanalysis_scraper] WARNING: Per-symbol page request failed: https://stockanalysis.com/quote/nase/KUKZ/dividend/ (Ignoring non-200 response)
2026-07-26 18:23:37 [scrapy.downloadermiddlewares.retry] ERROR: Gave up retrying <GET https://stockanalysis.com/quote/nase/KUKZ/> (failed 5 times): 403 Forbidden
2026-07-26 18:23:37 [nse_scraper.spiders.stockanalysis_scraper] WARNING: Per-symbol page request failed: https://stockanalysis.com/quote/nase/KUKZ/ (Ignoring non-200 response)
2026-07-26 18:23:40 [scrapy.downloadermiddlewares.retry] ERROR: Gave up retrying <GET https://stockanalysis.com/quote/nase/CARB/dividend/> (failed 5 times): 403 Forbidden
2026-07-26 18:23:40 [nse_scraper.spiders.stockanalysis_scraper] WARNING: Per-symbol page request failed: https://stockanalysis.com/quote/nase/CARB/dividend/ (Ignoring non-200 response)
2026-07-26 18:23:42 [scrapy.downloadermiddlewares.retry] ERROR: Gave up retrying <GET https://stockanalysis.com/quote/nase/CARB/> (failed 5 times): 403 Forbidden
2026-07-26 18:23:42 [nse_scraper.spiders.stockanalysis_scraper] WARNING: Per-symbol page request failed: https://stockanalysis.com/quote/nase/CARB/ (Ignoring non-200 response)
2026-07-26 18:23:45 [scrapy.downloadermiddlewares.retry] ERROR: Gave up retrying <GET https://stockanalysis.com/quote/nase/PORT/dividend/> (failed 5 times): 403 Forbidden
2026-07-26 18:23:45 [nse_scraper.spiders.stockanalysis_scraper] WARNING: Per-symbol page request failed: https://stockanalysis.com/quote/nase/PORT/dividend/ (Ignoring non-200 response)
2026-07-26 18:23:48 [scrapy.downloadermiddlewares.retry] ERROR: Gave up retrying <GET https://stockanalysis.com/quote/nase/PORT/> (failed 5 times): 403 Forbidden
2026-07-26 18:23:48 [nse_scraper.spiders.stockanalysis_scraper] WARNING: Per-symbol page request failed: https://stockanalysis.com/quote/nase/PORT/ (Ignoring non-200 response)
2026-07-26 18:23:49 [scrapy.downloadermiddlewares.retry] ERROR: Gave up retrying <GET https://stockanalysis.com/quote/nase/CTUM/dividend/> (failed 5 times): 403 Forbidden
2026-07-26 18:23:49 [nse_scraper.spiders.stockanalysis_scraper] WARNING: Per-symbol page request failed: https://stockanalysis.com/quote/nase/CTUM/dividend/ (Ignoring non-200 response)
2026-07-26 18:23:51 [scrapy.downloadermiddlewares.retry] ERROR: Gave up retrying <GET https://stockanalysis.com/quote/nase/CTUM/> (failed 5 times): 403 Forbidden
2026-07-26 18:23:51 [nse_scraper.spiders.stockanalysis_scraper] WARNING: Per-symbol page request failed: https://stockanalysis.com/quote/nase/CTUM/ (Ignoring non-200 response)
2026-07-26 18:23:54 [scrapy.downloadermiddlewares.retry] ERROR: Gave up retrying <GET https://stockanalysis.com/quote/nase/CGEN/dividend/> (failed 5 times): 403 Forbidden
2026-07-26 18:23:54 [nse_scraper.spiders.stockanalysis_scraper] WARNING: Per-symbol page request failed: https://stockanalysis.com/quote/nase/CGEN/dividend/ (Ignoring non-200 response)
2026-07-26 18:23:56 [scrapy.downloadermiddlewares.retry] ERROR: Gave up retrying <GET https://stockanalysis.com/quote/nase/CGEN/> (failed 5 times): 403 Forbidden
2026-07-26 18:23:56 [nse_scraper.spiders.stockanalysis_scraper] WARNING: Per-symbol page request failed: https://stockanalysis.com/quote/nase/CGEN/ (Ignoring non-200 response)
2026-07-26 18:23:58 [scrapy.downloadermiddlewares.retry] ERROR: Gave up retrying <GET https://stockanalysis.com/quote/nase/CIC/dividend/> (failed 5 times): 403 Forbidden
2026-07-26 18:23:59 [nse_scraper.spiders.stockanalysis_scraper] WARNING: Per-symbol page request failed: https://stockanalysis.com/quote/nase/CIC/dividend/ (Ignoring non-200 response)
2026-07-26 18:24:01 [scrapy.downloadermiddlewares.retry] ERROR: Gave up retrying <GET https://stockanalysis.com/quote/nase/CIC/> (failed 5 times): 403 Forbidden
2026-07-26 18:24:01 [nse_scraper.spiders.stockanalysis_scraper] WARNING: Per-symbol page request failed: https://stockanalysis.com/quote/nase/CIC/ (Ignoring non-200 response)
2026-07-26 18:24:03 [scrapy.downloadermiddlewares.retry] ERROR: Gave up retrying <GET https://stockanalysis.com/quote/nase/BAMB/dividend/> (failed 5 times): 403 Forbidden
2026-07-26 18:24:03 [nse_scraper.spiders.stockanalysis_scraper] WARNING: Per-symbol page request failed: https://stockanalysis.com/quote/nase/BAMB/dividend/ (Ignoring non-200 response)
2026-07-26 18:24:06 [scrapy.downloadermiddlewares.retry] ERROR: Gave up retrying <GET https://stockanalysis.com/quote/nase/BAMB/> (failed 5 times): 403 Forbidden
2026-07-26 18:24:06 [nse_scraper.spiders.stockanalysis_scraper] WARNING: Per-symbol page request failed: https://stockanalysis.com/quote/nase/BAMB/ (Ignoring non-200 response)
2026-07-26 18:24:08 [scrapy.downloadermiddlewares.retry] ERROR: Gave up retrying <GET https://stockanalysis.com/quote/nase/KNRE/dividend/> (failed 5 times): 403 Forbidden
2026-07-26 18:24:08 [nse_scraper.spiders.stockanalysis_scraper] WARNING: Per-symbol page request failed: https://stockanalysis.com/quote/nase/KNRE/dividend/ (Ignoring non-200 response)
2026-07-26 18:24:10 [scrapy.downloadermiddlewares.retry] ERROR: Gave up retrying <GET https://stockanalysis.com/quote/nase/KNRE/> (failed 5 times): 403 Forbidden
2026-07-26 18:24:10 [nse_scraper.spiders.stockanalysis_scraper] WARNING: Per-symbol page request failed: https://stockanalysis.com/quote/nase/KNRE/ (Ignoring non-200 response)
2026-07-26 18:24:13 [scrapy.downloadermiddlewares.retry] ERROR: Gave up retrying <GET https://stockanalysis.com/quote/nase/HFCK/dividend/> (failed 5 times): 403 Forbidden
2026-07-26 18:24:13 [nse_scraper.spiders.stockanalysis_scraper] WARNING: Per-symbol page request failed: https://stockanalysis.com/quote/nase/HFCK/dividend/ (Ignoring non-200 response)
2026-07-26 18:24:15 [scrapy.downloadermiddlewares.retry] ERROR: Gave up retrying <GET https://stockanalysis.com/quote/nase/HFCK/> (failed 5 times): 403 Forbidden
2026-07-26 18:24:15 [nse_scraper.spiders.stockanalysis_scraper] WARNING: Per-symbol page request failed: https://stockanalysis.com/quote/nase/HFCK/ (Ignoring non-200 response)
2026-07-26 18:24:17 [scrapy.downloadermiddlewares.retry] ERROR: Gave up retrying <GET https://stockanalysis.com/quote/nase/JUB/dividend/> (failed 5 times): 403 Forbidden
2026-07-26 18:24:17 [nse_scraper.spiders.stockanalysis_scraper] WARNING: Per-symbol page request failed: https://stockanalysis.com/quote/nase/JUB/dividend/ (Ignoring non-200 response)
2026-07-26 18:24:20 [scrapy.downloadermiddlewares.retry] ERROR: Gave up retrying <GET https://stockanalysis.com/quote/nase/JUB/> (failed 5 times): 403 Forbidden
2026-07-26 18:24:20 [nse_scraper.spiders.stockanalysis_scraper] WARNING: Per-symbol page request failed: https://stockanalysis.com/quote/nase/JUB/ (Ignoring non-200 response)
2026-07-26 18:24:22 [scrapy.downloadermiddlewares.retry] ERROR: Gave up retrying <GET https://stockanalysis.com/quote/nase/TOTL/dividend/> (failed 5 times): 403 Forbidden
2026-07-26 18:24:23 [nse_scraper.spiders.stockanalysis_scraper] WARNING: Per-symbol page request failed: https://stockanalysis.com/quote/nase/TOTL/dividend/ (Ignoring non-200 response)
2026-07-26 18:24:25 [scrapy.downloadermiddlewares.retry] ERROR: Gave up retrying <GET https://stockanalysis.com/quote/nase/TOTL/> (failed 5 times): 403 Forbidden
2026-07-26 18:24:25 [nse_scraper.spiders.stockanalysis_scraper] WARNING: Per-symbol page request failed: https://stockanalysis.com/quote/nase/TOTL/ (Ignoring non-200 response)
2026-07-26 18:24:27 [scrapy.downloadermiddlewares.retry] ERROR: Gave up retrying <GET https://stockanalysis.com/quote/nase/KQ/dividend/> (failed 5 times): 403 Forbidden
2026-07-26 18:24:27 [nse_scraper.spiders.stockanalysis_scraper] WARNING: Per-symbol page request failed: https://stockanalysis.com/quote/nase/KQ/dividend/ (Ignoring non-200 response)
2026-07-26 18:24:30 [scrapy.downloadermiddlewares.retry] ERROR: Gave up retrying <GET https://stockanalysis.com/quote/nase/KQ/> (failed 5 times): 403 Forbidden
2026-07-26 18:24:30 [scrapy.extensions.logstats] INFO: Crawled 94 pages (at 26 pages/min), scraped 146 items (at 0 items/min)
2026-07-26 18:24:30 [nse_scraper.spiders.stockanalysis_scraper] WARNING: Per-symbol page request failed: https://stockanalysis.com/quote/nase/KQ/ (Ignoring non-200 response)
2026-07-26 18:24:32 [scrapy.downloadermiddlewares.retry] ERROR: Gave up retrying <GET https://stockanalysis.com/quote/nase/KPLC/dividend/> (failed 5 times): 403 Forbidden
2026-07-26 18:24:32 [nse_scraper.spiders.stockanalysis_scraper] WARNING: Per-symbol page request failed: https://stockanalysis.com/quote/nase/KPLC/dividend/ (Ignoring non-200 response)
2026-07-26 18:24:34 [scrapy.downloadermiddlewares.retry] ERROR: Gave up retrying <GET https://stockanalysis.com/quote/nase/KPLC/> (failed 5 times): 403 Forbidden
2026-07-26 18:24:34 [nse_scraper.spiders.stockanalysis_scraper] WARNING: Per-symbol page request failed: https://stockanalysis.com/quote/nase/KPLC/ (Ignoring non-200 response)
2026-07-26 18:24:37 [scrapy.downloadermiddlewares.retry] ERROR: Gave up retrying <GET https://stockanalysis.com/quote/nase/BRIT/dividend/> (failed 5 times): 403 Forbidden
2026-07-26 18:24:37 [nse_scraper.spiders.stockanalysis_scraper] WARNING: Per-symbol page request failed: https://stockanalysis.com/quote/nase/BRIT/dividend/ (Ignoring non-200 response)
2026-07-26 18:24:39 [scrapy.downloadermiddlewares.retry] ERROR: Gave up retrying <GET https://stockanalysis.com/quote/nase/BRIT/> (failed 5 times): 403 Forbidden
2026-07-26 18:24:39 [nse_scraper.spiders.stockanalysis_scraper] WARNING: Per-symbol page request failed: https://stockanalysis.com/quote/nase/BRIT/ (Ignoring non-200 response)
2026-07-26 18:24:42 [scrapy.downloadermiddlewares.retry] ERROR: Gave up retrying <GET https://stockanalysis.com/quote/nase/DTK/dividend/> (failed 5 times): 403 Forbidden
2026-07-26 18:24:42 [nse_scraper.spiders.stockanalysis_scraper] WARNING: Per-symbol page request failed: https://stockanalysis.com/quote/nase/DTK/dividend/ (Ignoring non-200 response)
2026-07-26 18:24:44 [scrapy.downloadermiddlewares.retry] ERROR: Gave up retrying <GET https://stockanalysis.com/quote/nase/DTK/> (failed 5 times): 403 Forbidden
2026-07-26 18:24:44 [nse_scraper.spiders.stockanalysis_scraper] WARNING: Per-symbol page request failed: https://stockanalysis.com/quote/nase/DTK/ (Ignoring non-200 response)
2026-07-26 18:24:46 [scrapy.downloadermiddlewares.retry] ERROR: Gave up retrying <GET https://stockanalysis.com/quote/nase/BKG/> (failed 5 times): 403 Forbidden
2026-07-26 18:24:46 [nse_scraper.spiders.stockanalysis_scraper] WARNING: Per-symbol page request failed: https://stockanalysis.com/quote/nase/BKG/ (Ignoring non-200 response)
2026-07-26 18:24:49 [scrapy.downloadermiddlewares.retry] ERROR: Gave up retrying <GET https://stockanalysis.com/quote/nase/BAT/dividend/> (failed 5 times): 403 Forbidden
2026-07-26 18:24:49 [nse_scraper.spiders.stockanalysis_scraper] WARNING: Per-symbol page request failed: https://stockanalysis.com/quote/nase/BAT/dividend/ (Ignoring non-200 response)
2026-07-26 18:24:52 [scrapy.downloadermiddlewares.retry] ERROR: Gave up retrying <GET https://stockanalysis.com/quote/nase/BAT/> (failed 5 times): 403 Forbidden
2026-07-26 18:24:52 [nse_scraper.spiders.stockanalysis_scraper] WARNING: Per-symbol page request failed: https://stockanalysis.com/quote/nase/BAT/ (Ignoring non-200 response)
2026-07-26 18:24:54 [scrapy.downloadermiddlewares.retry] ERROR: Gave up retrying <GET https://stockanalysis.com/quote/nase/KEGN/dividend/> (failed 5 times): 403 Forbidden
2026-07-26 18:24:54 [nse_scraper.spiders.stockanalysis_scraper] WARNING: Per-symbol page request failed: https://stockanalysis.com/quote/nase/KEGN/dividend/ (Ignoring non-200 response)
2026-07-26 18:24:57 [scrapy.downloadermiddlewares.retry] ERROR: Gave up retrying <GET https://stockanalysis.com/quote/nase/KEGN/> (failed 5 times): 403 Forbidden
2026-07-26 18:24:57 [nse_scraper.spiders.stockanalysis_scraper] WARNING: Per-symbol page request failed: https://stockanalysis.com/quote/nase/KEGN/ (Ignoring non-200 response)
2026-07-26 18:24:59 [scrapy.downloadermiddlewares.retry] ERROR: Gave up retrying <GET https://stockanalysis.com/quote/nase/SBIC/dividend/> (failed 5 times): 403 Forbidden
2026-07-26 18:25:00 [nse_scraper.spiders.stockanalysis_scraper] WARNING: Per-symbol page request failed: https://stockanalysis.com/quote/nase/SBIC/dividend/ (Ignoring non-200 response)
2026-07-26 18:25:02 [scrapy.downloadermiddlewares.retry] ERROR: Gave up retrying <GET https://stockanalysis.com/quote/nase/SBIC/> (failed 5 times): 403 Forbidden
2026-07-26 18:25:02 [nse_scraper.spiders.stockanalysis_scraper] WARNING: Per-symbol page request failed: https://stockanalysis.com/quote/nase/SBIC/ (Ignoring non-200 response)
2026-07-26 18:25:04 [scrapy.downloadermiddlewares.retry] ERROR: Gave up retrying <GET https://stockanalysis.com/quote/nase/IMH/dividend/> (failed 5 times): 403 Forbidden
2026-07-26 18:25:04 [nse_scraper.spiders.stockanalysis_scraper] WARNING: Per-symbol page request failed: https://stockanalysis.com/quote/nase/IMH/dividend/ (Ignoring non-200 response)
2026-07-26 18:25:07 [scrapy.downloadermiddlewares.retry] ERROR: Gave up retrying <GET https://stockanalysis.com/quote/nase/IMH/> (failed 5 times): 403 Forbidden
2026-07-26 18:25:07 [nse_scraper.spiders.stockanalysis_scraper] WARNING: Per-symbol page request failed: https://stockanalysis.com/quote/nase/IMH/ (Ignoring non-200 response)
2026-07-26 18:25:08 [scrapy.downloadermiddlewares.retry] ERROR: Gave up retrying <GET https://stockanalysis.com/quote/nase/SCBK/dividend/> (failed 5 times): 403 Forbidden
2026-07-26 18:25:09 [nse_scraper.spiders.stockanalysis_scraper] WARNING: Per-symbol page request failed: https://stockanalysis.com/quote/nase/SCBK/dividend/ (Ignoring non-200 response)
2026-07-26 18:25:11 [scrapy.downloadermiddlewares.retry] ERROR: Gave up retrying <GET https://stockanalysis.com/quote/nase/SCBK/> (failed 5 times): 403 Forbidden
2026-07-26 18:25:11 [nse_scraper.spiders.stockanalysis_scraper] WARNING: Per-symbol page request failed: https://stockanalysis.com/quote/nase/SCBK/ (Ignoring non-200 response)
2026-07-26 18:25:13 [scrapy.downloadermiddlewares.retry] ERROR: Gave up retrying <GET https://stockanalysis.com/quote/nase/NCBA/dividend/> (failed 5 times): 403 Forbidden
2026-07-26 18:25:13 [nse_scraper.spiders.stockanalysis_scraper] WARNING: Per-symbol page request failed: https://stockanalysis.com/quote/nase/NCBA/dividend/ (Ignoring non-200 response)
2026-07-26 18:25:15 [scrapy.downloadermiddlewares.retry] ERROR: Gave up retrying <GET https://stockanalysis.com/quote/nase/NCBA/> (failed 5 times): 403 Forbidden
2026-07-26 18:25:16 [nse_scraper.spiders.stockanalysis_scraper] WARNING: Per-symbol page request failed: https://stockanalysis.com/quote/nase/NCBA/ (Ignoring non-200 response)
2026-07-26 18:25:18 [scrapy.downloadermiddlewares.retry] ERROR: Gave up retrying <GET https://stockanalysis.com/quote/nase/KPC/dividend/> (failed 5 times): 403 Forbidden
2026-07-26 18:25:18 [nse_scraper.spiders.stockanalysis_scraper] WARNING: Per-symbol page request failed: https://stockanalysis.com/quote/nase/KPC/dividend/ (Ignoring non-200 response)
2026-07-26 18:25:21 [scrapy.downloadermiddlewares.retry] ERROR: Gave up retrying <GET https://stockanalysis.com/quote/nase/KPC/> (failed 5 times): 403 Forbidden
2026-07-26 18:25:21 [nse_scraper.spiders.stockanalysis_scraper] WARNING: Per-symbol page request failed: https://stockanalysis.com/quote/nase/KPC/ (Ignoring non-200 response)
2026-07-26 18:25:22 [scrapy.downloadermiddlewares.retry] ERROR: Gave up retrying <GET https://stockanalysis.com/quote/nase/ABSA/dividend/> (failed 5 times): 403 Forbidden
2026-07-26 18:25:22 [nse_scraper.spiders.stockanalysis_scraper] WARNING: Per-symbol page request failed: https://stockanalysis.com/quote/nase/ABSA/dividend/ (Ignoring non-200 response)
2026-07-26 18:25:25 [scrapy.downloadermiddlewares.retry] ERROR: Gave up retrying <GET https://stockanalysis.com/quote/nase/ABSA/> (failed 5 times): 403 Forbidden
2026-07-26 18:25:25 [nse_scraper.spiders.stockanalysis_scraper] WARNING: Per-symbol page request failed: https://stockanalysis.com/quote/nase/ABSA/ (Ignoring non-200 response)
2026-07-26 18:25:28 [scrapy.downloadermiddlewares.retry] ERROR: Gave up retrying <GET https://stockanalysis.com/quote/nase/COOP/dividend/> (failed 5 times): 403 Forbidden
2026-07-26 18:25:28 [nse_scraper.spiders.stockanalysis_scraper] WARNING: Per-symbol page request failed: https://stockanalysis.com/quote/nase/COOP/dividend/ (Ignoring non-200 response)
2026-07-26 18:25:30 [scrapy.extensions.logstats] INFO: Crawled 118 pages (at 24 pages/min), scraped 146 items (at 0 items/min)
2026-07-26 18:25:31 [scrapy.downloadermiddlewares.retry] ERROR: Gave up retrying <GET https://stockanalysis.com/quote/nase/COOP/> (failed 5 times): 403 Forbidden
2026-07-26 18:25:31 [nse_scraper.spiders.stockanalysis_scraper] WARNING: Per-symbol page request failed: https://stockanalysis.com/quote/nase/COOP/ (Ignoring non-200 response)
2026-07-26 18:25:33 [scrapy.downloadermiddlewares.retry] ERROR: Gave up retrying <GET https://stockanalysis.com/quote/nase/EABL/dividend/> (failed 5 times): 403 Forbidden
2026-07-26 18:25:33 [nse_scraper.spiders.stockanalysis_scraper] WARNING: Per-symbol page request failed: https://stockanalysis.com/quote/nase/EABL/dividend/ (Ignoring non-200 response)
2026-07-26 18:25:36 [scrapy.downloadermiddlewares.retry] ERROR: Gave up retrying <GET https://stockanalysis.com/quote/nase/EABL/> (failed 5 times): 403 Forbidden
2026-07-26 18:25:36 [nse_scraper.spiders.stockanalysis_scraper] WARNING: Per-symbol page request failed: https://stockanalysis.com/quote/nase/EABL/ (Ignoring non-200 response)
2026-07-26 18:25:37 [scrapy.downloadermiddlewares.retry] ERROR: Gave up retrying <GET https://stockanalysis.com/quote/nase/KCB/dividend/> (failed 5 times): 403 Forbidden
2026-07-26 18:25:38 [nse_scraper.spiders.stockanalysis_scraper] WARNING: Per-symbol page request failed: https://stockanalysis.com/quote/nase/KCB/dividend/ (Ignoring non-200 response)
2026-07-26 18:25:40 [scrapy.downloadermiddlewares.retry] ERROR: Gave up retrying <GET https://stockanalysis.com/quote/nase/KCB/> (failed 5 times): 403 Forbidden
2026-07-26 18:25:41 [nse_scraper.spiders.stockanalysis_scraper] WARNING: Per-symbol page request failed: https://stockanalysis.com/quote/nase/KCB/ (Ignoring non-200 response)
2026-07-26 18:25:43 [scrapy.downloadermiddlewares.retry] ERROR: Gave up retrying <GET https://stockanalysis.com/quote/nase/EQTY/dividend/> (failed 5 times): 403 Forbidden
2026-07-26 18:25:43 [nse_scraper.spiders.stockanalysis_scraper] WARNING: Per-symbol page request failed: https://stockanalysis.com/quote/nase/EQTY/dividend/ (Ignoring non-200 response)
2026-07-26 18:25:46 [scrapy.downloadermiddlewares.retry] ERROR: Gave up retrying <GET https://stockanalysis.com/quote/nase/EQTY/> (failed 5 times): 403 Forbidden
2026-07-26 18:25:46 [nse_scraper.spiders.stockanalysis_scraper] WARNING: Per-symbol page request failed: https://stockanalysis.com/quote/nase/EQTY/ (Ignoring non-200 response)
2026-07-26 18:25:48 [scrapy.downloadermiddlewares.retry] ERROR: Gave up retrying <GET https://stockanalysis.com/quote/nase/SCOM/dividend/> (failed 5 times): 403 Forbidden
2026-07-26 18:25:48 [nse_scraper.spiders.stockanalysis_scraper] WARNING: Per-symbol page request failed: https://stockanalysis.com/quote/nase/SCOM/dividend/ (Ignoring non-200 response)
2026-07-26 18:25:51 [scrapy.downloadermiddlewares.retry] ERROR: Gave up retrying <GET https://stockanalysis.com/quote/nase/SCOM/> (failed 5 times): 403 Forbidden
2026-07-26 18:25:51 [nse_scraper.spiders.stockanalysis_scraper] WARNING: Per-symbol page request failed: https://stockanalysis.com/quote/nase/SCOM/ (Ignoring non-200 response)
2026-07-26 18:25:51 [scrapy.core.engine] INFO: Closing spider (finished)
2026-07-26 18:25:51 [nse_scraper.db.backends] ERROR: Supabase upsert_stockanalysis_stock failed; writing local fallback
Traceback (most recent call last):
  File "/usr/local/lib/python3.14/site-packages/httpx/_transports/default.py", line 101, in map_httpcore_exceptions
    yield
  File "/usr/local/lib/python3.14/site-packages/httpx/_transports/default.py", line 250, in handle_request
    resp = self._pool.handle_request(req)
  File "/usr/local/lib/python3.14/site-packages/httpcore/_sync/connection_pool.py", line 256, in handle_request
    raise exc from None
  File "/usr/local/lib/python3.14/site-packages/httpcore/_sync/connection_pool.py", line 236, in handle_request
    response = connection.handle_request(
        pool_request.request
    )
  File "/usr/local/lib/python3.14/site-packages/httpcore/_sync/connection.py", line 101, in handle_request
    raise exc
  File "/usr/local/lib/python3.14/site-packages/httpcore/_sync/connection.py", line 78, in handle_request
    stream = self._connect(request)
  File "/usr/local/lib/python3.14/site-packages/httpcore/_sync/connection.py", line 124, in _connect
    stream = self._network_backend.connect_tcp(**kwargs)
  File "/usr/local/lib/python3.14/site-packages/httpcore/_backends/sync.py", line 207, in connect_tcp
    with map_exceptions(exc_map):
         ~~~~~~~~~~~~~~^^^^^^^^^
  File "/usr/local/lib/python3.14/contextlib.py", line 162, in __exit__
    self.gen.throw(value)
    ~~~~~~~~~~~~~~^^^^^^^
  File "/usr/local/lib/python3.14/site-packages/httpcore/_exceptions.py", line 14, in map_exceptions
    raise to_exc(exc) from exc
httpcore.ConnectError: [Errno -2] Name or service not known

The above exception was the direct cause of the following exception:

Traceback (most recent call last):
  File "/app/nse_scraper/db/backends.py", line 133, in upsert_stockanalysis_stock
    self.client.table(self.stockanalysis_table).upsert(payload, on_conflict="ticker_symbol").execute()
    ~~~~~~~~~~~~~~~~~~~~~~~~~~~~~~~~~~~~~~~~~~~~~~~~~~~~~~~~~~~~~~~~~~~~~~~~~~~~~~~~~~~~~~~~~~~~~~~~^^
  File "/usr/local/lib/python3.14/site-packages/postgrest/_sync/request_builder.py", line 90, in execute
    r = send_with_retry(self.request)
  File "/usr/local/lib/python3.14/site-packages/postgrest/_sync/request_builder.py", line 51, in send_with_retry
    resp = req.send(headers)
  File "/usr/local/lib/python3.14/site-packages/postgrest/base_request_builder.py", line 90, in send
    return self.session.request(
           ~~~~~~~~~~~~~~~~~~~~^
        self.http_method,
        ^^^^^^^^^^^^^^^^^
    ...<4 lines>...
        auth=self.auth,
        ^^^^^^^^^^^^^^^
    )
    ^
  File "/usr/local/lib/python3.14/site-packages/httpx/_client.py", line 825, in request
    return self.send(request, auth=auth, follow_redirects=follow_redirects)
           ~~~~~~~~~^^^^^^^^^^^^^^^^^^^^^^^^^^^^^^^^^^^^^^^^^^^^^^^^^^^^^^^
  File "/usr/local/lib/python3.14/site-packages/httpx/_client.py", line 914, in send
    response = self._send_handling_auth(
        request,
    ...<2 lines>...
        history=[],
    )
  File "/usr/local/lib/python3.14/site-packages/httpx/_client.py", line 942, in _send_handling_auth
    response = self._send_handling_redirects(
        request,
        follow_redirects=follow_redirects,
        history=history,
    )
  File "/usr/local/lib/python3.14/site-packages/httpx/_client.py", line 979, in _send_handling_redirects
    response = self._send_single_request(request)
  File "/usr/local/lib/python3.14/site-packages/httpx/_client.py", line 1014, in _send_single_request
    response = transport.handle_request(request)
  File "/usr/local/lib/python3.14/site-packages/httpx/_transports/default.py", line 249, in handle_request
    with map_httpcore_exceptions():
         ~~~~~~~~~~~~~~~~~~~~~~~^^
  File "/usr/local/lib/python3.14/contextlib.py", line 162, in __exit__
    self.gen.throw(value)
    ~~~~~~~~~~~~~~^^^^^^^
  File "/usr/local/lib/python3.14/site-packages/httpx/_transports/default.py", line 118, in map_httpcore_exceptions
    raise mapped_exc(message) from exc
httpx.ConnectError: [Errno -2] Name or service not known
2026-07-26 18:25:52 [nse_scraper.db.backends] ERROR: Supabase upsert_stockanalysis_stock failed; writing local fallback
Traceback (most recent call last):
  File "/usr/local/lib/python3.14/site-packages/httpx/_transports/default.py", line 101, in map_httpcore_exceptions
    yield
  File "/usr/local/lib/python3.14/site-packages/httpx/_transports/default.py", line 250, in handle_request
    resp = self._pool.handle_request(req)
  File "/usr/local/lib/python3.14/site-packages/httpcore/_sync/connection_pool.py", line 256, in handle_request
    raise exc from None
  File "/usr/local/lib/python3.14/site-packages/httpcore/_sync/connection_pool.py", line 236, in handle_request
    response = connection.handle_request(
        pool_request.request
    )
  File "/usr/local/lib/python3.14/site-packages/httpcore/_sync/connection.py", line 101, in handle_request
    raise exc
  File "/usr/local/lib/python3.14/site-packages/httpcore/_sync/connection.py", line 78, in handle_request
    stream = self._connect(request)
  File "/usr/local/lib/python3.14/site-packages/httpcore/_sync/connection.py", line 124, in _connect
    stream = self._network_backend.connect_tcp(**kwargs)
  File "/usr/local/lib/python3.14/site-packages/httpcore/_backends/sync.py", line 207, in connect_tcp
    with map_exceptions(exc_map):
         ~~~~~~~~~~~~~~^^^^^^^^^
  File "/usr/local/lib/python3.14/contextlib.py", line 162, in __exit__
    self.gen.throw(value)
    ~~~~~~~~~~~~~~^^^^^^^
  File "/usr/local/lib/python3.14/site-packages/httpcore/_exceptions.py", line 14, in map_exceptions
    raise to_exc(exc) from exc
httpcore.ConnectError: [Errno -2] Name or service not known

The above exception was the direct cause of the following exception:

Traceback (most recent call last):
  File "/app/nse_scraper/db/backends.py", line 133, in upsert_stockanalysis_stock
    self.client.table(self.stockanalysis_table).upsert(payload, on_conflict="ticker_symbol").execute()
    ~~~~~~~~~~~~~~~~~~~~~~~~~~~~~~~~~~~~~~~~~~~~~~~~~~~~~~~~~~~~~~~~~~~~~~~~~~~~~~~~~~~~~~~~~~~~~~~~^^
  File "/usr/local/lib/python3.14/site-packages/postgrest/_sync/request_builder.py", line 90, in execute
    r = send_with_retry(self.request)
  File "/usr/local/lib/python3.14/site-packages/postgrest/_sync/request_builder.py", line 51, in send_with_retry
    resp = req.send(headers)
  File "/usr/local/lib/python3.14/site-packages/postgrest/base_request_builder.py", line 90, in send
    return self.session.request(
           ~~~~~~~~~~~~~~~~~~~~^
        self.http_method,
        ^^^^^^^^^^^^^^^^^
    ...<4 lines>...
        auth=self.auth,
        ^^^^^^^^^^^^^^^
    )
    ^
  File "/usr/local/lib/python3.14/site-packages/httpx/_client.py", line 825, in request
    return self.send(request, auth=auth, follow_redirects=follow_redirects)
           ~~~~~~~~~^^^^^^^^^^^^^^^^^^^^^^^^^^^^^^^^^^^^^^^^^^^^^^^^^^^^^^^
  File "/usr/local/lib/python3.14/site-packages/httpx/_client.py", line 914, in send
    response = self._send_handling_auth(
        request,
    ...<2 lines>...
        history=[],
    )
  File "/usr/local/lib/python3.14/site-packages/httpx/_client.py", line 942, in _send_handling_auth
    response = self._send_handling_redirects(
        request,
        follow_redirects=follow_redirects,
        history=history,
    )
  File "/usr/local/lib/python3.14/site-packages/httpx/_client.py", line 979, in _send_handling_redirects
    response = self._send_single_request(request)
  File "/usr/local/lib/python3.14/site-packages/httpx/_client.py", line 1014, in _send_single_request
    response = transport.handle_request(request)
  File "/usr/local/lib/python3.14/site-packages/httpx/_transports/default.py", line 249, in handle_request
    with map_httpcore_exceptions():
         ~~~~~~~~~~~~~~~~~~~~~~~^^
  File "/usr/local/lib/python3.14/contextlib.py", line 162, in __exit__
    self.gen.throw(value)
    ~~~~~~~~~~~~~~^^^^^^^
  File "/usr/local/lib/python3.14/site-packages/httpx/_transports/default.py", line 118, in map_httpcore_exceptions
    raise mapped_exc(message) from exc
httpx.ConnectError: [Errno -2] Name or service not known
2026-07-26 18:25:52 [nse_scraper.db.backends] ERROR: Supabase upsert_stockanalysis_stock failed; writing local fallback
Traceback (most recent call last):
  File "/usr/local/lib/python3.14/site-packages/httpx/_transports/default.py", line 101, in map_httpcore_exceptions
    yield
  File "/usr/local/lib/python3.14/site-packages/httpx/_transports/default.py", line 250, in handle_request
    resp = self._pool.handle_request(req)
  File "/usr/local/lib/python3.14/site-packages/httpcore/_sync/connection_pool.py", line 256, in handle_request
    raise exc from None
  File "/usr/local/lib/python3.14/site-packages/httpcore/_sync/connection_pool.py", line 236, in handle_request
    response = connection.handle_request(
        pool_request.request
    )
  File "/usr/local/lib/python3.14/site-packages/httpcore/_sync/connection.py", line 101, in handle_request
    raise exc
  File "/usr/local/lib/python3.14/site-packages/httpcore/_sync/connection.py", line 78, in handle_request
    stream = self._connect(request)
  File "/usr/local/lib/python3.14/site-packages/httpcore/_sync/connection.py", line 124, in _connect
    stream = self._network_backend.connect_tcp(**kwargs)
  File "/usr/local/lib/python3.14/site-packages/httpcore/_backends/sync.py", line 207, in connect_tcp
    with map_exceptions(exc_map):
         ~~~~~~~~~~~~~~^^^^^^^^^
  File "/usr/local/lib/python3.14/contextlib.py", line 162, in __exit__
    self.gen.throw(value)
    ~~~~~~~~~~~~~~^^^^^^^
  File "/usr/local/lib/python3.14/site-packages/httpcore/_exceptions.py", line 14, in map_exceptions
    raise to_exc(exc) from exc
httpcore.ConnectError: [Errno -2] Name or service not known

The above exception was the direct cause of the following exception:

Traceback (most recent call last):
  File "/app/nse_scraper/db/backends.py", line 133, in upsert_stockanalysis_stock
    self.client.table(self.stockanalysis_table).upsert(payload, on_conflict="ticker_symbol").execute()
    ~~~~~~~~~~~~~~~~~~~~~~~~~~~~~~~~~~~~~~~~~~~~~~~~~~~~~~~~~~~~~~~~~~~~~~~~~~~~~~~~~~~~~~~~~~~~~~~~^^
  File "/usr/local/lib/python3.14/site-packages/postgrest/_sync/request_builder.py", line 90, in execute
    r = send_with_retry(self.request)
  File "/usr/local/lib/python3.14/site-packages/postgrest/_sync/request_builder.py", line 51, in send_with_retry
    resp = req.send(headers)
  File "/usr/local/lib/python3.14/site-packages/postgrest/base_request_builder.py", line 90, in send
    return self.session.request(
           ~~~~~~~~~~~~~~~~~~~~^
        self.http_method,
        ^^^^^^^^^^^^^^^^^
    ...<4 lines>...
        auth=self.auth,
        ^^^^^^^^^^^^^^^
    )
    ^
  File "/usr/local/lib/python3.14/site-packages/httpx/_client.py", line 825, in request
    return self.send(request, auth=auth, follow_redirects=follow_redirects)
           ~~~~~~~~~^^^^^^^^^^^^^^^^^^^^^^^^^^^^^^^^^^^^^^^^^^^^^^^^^^^^^^^
  File "/usr/local/lib/python3.14/site-packages/httpx/_client.py", line 914, in send
    response = self._send_handling_auth(
        request,
    ...<2 lines>...
        history=[],
    )
  File "/usr/local/lib/python3.14/site-packages/httpx/_client.py", line 942, in _send_handling_auth
    response = self._send_handling_redirects(
        request,
        follow_redirects=follow_redirects,
        history=history,
    )
  File "/usr/local/lib/python3.14/site-packages/httpx/_client.py", line 979, in _send_handling_redirects
    response = self._send_single_request(request)
  File "/usr/local/lib/python3.14/site-packages/httpx/_client.py", line 1014, in _send_single_request
    response = transport.handle_request(request)
  File "/usr/local/lib/python3.14/site-packages/httpx/_transports/default.py", line 249, in handle_request
    with map_httpcore_exceptions():
         ~~~~~~~~~~~~~~~~~~~~~~~^^
  File "/usr/local/lib/python3.14/contextlib.py", line 162, in __exit__
    self.gen.throw(value)
    ~~~~~~~~~~~~~~^^^^^^^
  File "/usr/local/lib/python3.14/site-packages/httpx/_transports/default.py", line 118, in map_httpcore_exceptions
    raise mapped_exc(message) from exc
httpx.ConnectError: [Errno -2] Name or service not known
2026-07-26 18:25:52 [nse_scraper.db.backends] ERROR: Supabase upsert_stockanalysis_stock failed; writing local fallback
Traceback (most recent call last):
  File "/usr/local/lib/python3.14/site-packages/httpx/_transports/default.py", line 101, in map_httpcore_exceptions
    yield
  File "/usr/local/lib/python3.14/site-packages/httpx/_transports/default.py", line 250, in handle_request
    resp = self._pool.handle_request(req)
  File "/usr/local/lib/python3.14/site-packages/httpcore/_sync/connection_pool.py", line 256, in handle_request
    raise exc from None
  File "/usr/local/lib/python3.14/site-packages/httpcore/_sync/connection_pool.py", line 236, in handle_request
    response = connection.handle_request(
        pool_request.request
    )
  File "/usr/local/lib/python3.14/site-packages/httpcore/_sync/connection.py", line 101, in handle_request
    raise exc
  File "/usr/local/lib/python3.14/site-packages/httpcore/_sync/connection.py", line 78, in handle_request
    stream = self._connect(request)
  File "/usr/local/lib/python3.14/site-packages/httpcore/_sync/connection.py", line 124, in _connect
    stream = self._network_backend.connect_tcp(**kwargs)
  File "/usr/local/lib/python3.14/site-packages/httpcore/_backends/sync.py", line 207, in connect_tcp
    with map_exceptions(exc_map):
         ~~~~~~~~~~~~~~^^^^^^^^^
  File "/usr/local/lib/python3.14/contextlib.py", line 162, in __exit__
    self.gen.throw(value)
    ~~~~~~~~~~~~~~^^^^^^^
  File "/usr/local/lib/python3.14/site-packages/httpcore/_exceptions.py", line 14, in map_exceptions
    raise to_exc(exc) from exc
httpcore.ConnectError: [Errno -2] Name or service not known

The above exception was the direct cause of the following exception:

Traceback (most recent call last):
  File "/app/nse_scraper/db/backends.py", line 133, in upsert_stockanalysis_stock
    self.client.table(self.stockanalysis_table).upsert(payload, on_conflict="ticker_symbol").execute()
    ~~~~~~~~~~~~~~~~~~~~~~~~~~~~~~~~~~~~~~~~~~~~~~~~~~~~~~~~~~~~~~~~~~~~~~~~~~~~~~~~~~~~~~~~~~~~~~~~^^
  File "/usr/local/lib/python3.14/site-packages/postgrest/_sync/request_builder.py", line 90, in execute
    r = send_with_retry(self.request)
  File "/usr/local/lib/python3.14/site-packages/postgrest/_sync/request_builder.py", line 51, in send_with_retry
    resp = req.send(headers)
  File "/usr/local/lib/python3.14/site-packages/postgrest/base_request_builder.py", line 90, in send
    return self.session.request(
           ~~~~~~~~~~~~~~~~~~~~^
        self.http_method,
        ^^^^^^^^^^^^^^^^^
    ...<4 lines>...
        auth=self.auth,
        ^^^^^^^^^^^^^^^
    )
    ^
  File "/usr/local/lib/python3.14/site-packages/httpx/_client.py", line 825, in request
    return self.send(request, auth=auth, follow_redirects=follow_redirects)
           ~~~~~~~~~^^^^^^^^^^^^^^^^^^^^^^^^^^^^^^^^^^^^^^^^^^^^^^^^^^^^^^^
  File "/usr/local/lib/python3.14/site-packages/httpx/_client.py", line 914, in send
    response = self._send_handling_auth(
        request,
    ...<2 lines>...
        history=[],
    )
  File "/usr/local/lib/python3.14/site-packages/httpx/_client.py", line 942, in _send_handling_auth
    response = self._send_handling_redirects(
        request,
        follow_redirects=follow_redirects,
        history=history,
    )
  File "/usr/local/lib/python3.14/site-packages/httpx/_client.py", line 979, in _send_handling_redirects
    response = self._send_single_request(request)
  File "/usr/local/lib/python3.14/site-packages/httpx/_client.py", line 1014, in _send_single_request
    response = transport.handle_request(request)
  File "/usr/local/lib/python3.14/site-packages/httpx/_transports/default.py", line 249, in handle_request
    with map_httpcore_exceptions():
         ~~~~~~~~~~~~~~~~~~~~~~~^^
  File "/usr/local/lib/python3.14/contextlib.py", line 162, in __exit__
    self.gen.throw(value)
    ~~~~~~~~~~~~~~^^^^^^^
  File "/usr/local/lib/python3.14/site-packages/httpx/_transports/default.py", line 118, in map_httpcore_exceptions
    raise mapped_exc(message) from exc
httpx.ConnectError: [Errno -2] Name or service not known
2026-07-26 18:25:52 [nse_scraper.db.backends] ERROR: Supabase upsert_stockanalysis_stock failed; writing local fallback
Traceback (most recent call last):
  File "/usr/local/lib/python3.14/site-packages/httpx/_transports/default.py", line 101, in map_httpcore_exceptions
    yield
  File "/usr/local/lib/python3.14/site-packages/httpx/_transports/default.py", line 250, in handle_request
    resp = self._pool.handle_request(req)
  File "/usr/local/lib/python3.14/site-packages/httpcore/_sync/connection_pool.py", line 256, in handle_request
    raise exc from None
  File "/usr/local/lib/python3.14/site-packages/httpcore/_sync/connection_pool.py", line 236, in handle_request
    response = connection.handle_request(
        pool_request.request
    )
  File "/usr/local/lib/python3.14/site-packages/httpcore/_sync/connection.py", line 101, in handle_request
    raise exc
  File "/usr/local/lib/python3.14/site-packages/httpcore/_sync/connection.py", line 78, in handle_request
    stream = self._connect(request)
  File "/usr/local/lib/python3.14/site-packages/httpcore/_sync/connection.py", line 124, in _connect
    stream = self._network_backend.connect_tcp(**kwargs)
  File "/usr/local/lib/python3.14/site-packages/httpcore/_backends/sync.py", line 207, in connect_tcp
    with map_exceptions(exc_map):
         ~~~~~~~~~~~~~~^^^^^^^^^
  File "/usr/local/lib/python3.14/contextlib.py", line 162, in __exit__
    self.gen.throw(value)
    ~~~~~~~~~~~~~~^^^^^^^
  File "/usr/local/lib/python3.14/site-packages/httpcore/_exceptions.py", line 14, in map_exceptions
    raise to_exc(exc) from exc
httpcore.ConnectError: [Errno -2] Name or service not known

The above exception was the direct cause of the following exception:

Traceback (most recent call last):
  File "/app/nse_scraper/db/backends.py", line 133, in upsert_stockanalysis_stock
    self.client.table(self.stockanalysis_table).upsert(payload, on_conflict="ticker_symbol").execute()
    ~~~~~~~~~~~~~~~~~~~~~~~~~~~~~~~~~~~~~~~~~~~~~~~~~~~~~~~~~~~~~~~~~~~~~~~~~~~~~~~~~~~~~~~~~~~~~~~~^^
  File "/usr/local/lib/python3.14/site-packages/postgrest/_sync/request_builder.py", line 90, in execute
    r = send_with_retry(self.request)
  File "/usr/local/lib/python3.14/site-packages/postgrest/_sync/request_builder.py", line 51, in send_with_retry
    resp = req.send(headers)
  File "/usr/local/lib/python3.14/site-packages/postgrest/base_request_builder.py", line 90, in send
    return self.session.request(
           ~~~~~~~~~~~~~~~~~~~~^
        self.http_method,
        ^^^^^^^^^^^^^^^^^
    ...<4 lines>...
        auth=self.auth,
        ^^^^^^^^^^^^^^^
    )
    ^
  File "/usr/local/lib/python3.14/site-packages/httpx/_client.py", line 825, in request
    return self.send(request, auth=auth, follow_redirects=follow_redirects)
           ~~~~~~~~~^^^^^^^^^^^^^^^^^^^^^^^^^^^^^^^^^^^^^^^^^^^^^^^^^^^^^^^
  File "/usr/local/lib/python3.14/site-packages/httpx/_client.py", line 914, in send
    response = self._send_handling_auth(
        request,
    ...<2 lines>...
        history=[],
    )
  File "/usr/local/lib/python3.14/site-packages/httpx/_client.py", line 942, in _send_handling_auth
    response = self._send_handling_redirects(
        request,
        follow_redirects=follow_redirects,
        history=history,
    )
  File "/usr/local/lib/python3.14/site-packages/httpx/_client.py", line 979, in _send_handling_redirects
    response = self._send_single_request(request)
  File "/usr/local/lib/python3.14/site-packages/httpx/_client.py", line 1014, in _send_single_request
    response = transport.handle_request(request)
  File "/usr/local/lib/python3.14/site-packages/httpx/_transports/default.py", line 249, in handle_request
    with map_httpcore_exceptions():
         ~~~~~~~~~~~~~~~~~~~~~~~^^
  File "/usr/local/lib/python3.14/contextlib.py", line 162, in __exit__
    self.gen.throw(value)
    ~~~~~~~~~~~~~~^^^^^^^
  File "/usr/local/lib/python3.14/site-packages/httpx/_transports/default.py", line 118, in map_httpcore_exceptions
    raise mapped_exc(message) from exc
httpx.ConnectError: [Errno -2] Name or service not known
2026-07-26 18:25:52 [nse_scraper.db.backends] ERROR: Supabase upsert_stockanalysis_stock failed; writing local fallback
Traceback (most recent call last):
  File "/usr/local/lib/python3.14/site-packages/httpx/_transports/default.py", line 101, in map_httpcore_exceptions
    yield
  File "/usr/local/lib/python3.14/site-packages/httpx/_transports/default.py", line 250, in handle_request
    resp = self._pool.handle_request(req)
  File "/usr/local/lib/python3.14/site-packages/httpcore/_sync/connection_pool.py", line 256, in handle_request
    raise exc from None
  File "/usr/local/lib/python3.14/site-packages/httpcore/_sync/connection_pool.py", line 236, in handle_request
    response = connection.handle_request(
        pool_request.request
    )
  File "/usr/local/lib/python3.14/site-packages/httpcore/_sync/connection.py", line 101, in handle_request
    raise exc
  File "/usr/local/lib/python3.14/site-packages/httpcore/_sync/connection.py", line 78, in handle_request
    stream = self._connect(request)
  File "/usr/local/lib/python3.14/site-packages/httpcore/_sync/connection.py", line 124, in _connect
    stream = self._network_backend.connect_tcp(**kwargs)
  File "/usr/local/lib/python3.14/site-packages/httpcore/_backends/sync.py", line 207, in connect_tcp
    with map_exceptions(exc_map):
         ~~~~~~~~~~~~~~^^^^^^^^^
  File "/usr/local/lib/python3.14/contextlib.py", line 162, in __exit__
    self.gen.throw(value)
    ~~~~~~~~~~~~~~^^^^^^^
  File "/usr/local/lib/python3.14/site-packages/httpcore/_exceptions.py", line 14, in map_exceptions
    raise to_exc(exc) from exc
httpcore.ConnectError: [Errno -2] Name or service not known

The above exception was the direct cause of the following exception:

Traceback (most recent call last):
  File "/app/nse_scraper/db/backends.py", line 133, in upsert_stockanalysis_stock
    self.client.table(self.stockanalysis_table).upsert(payload, on_conflict="ticker_symbol").execute()
    ~~~~~~~~~~~~~~~~~~~~~~~~~~~~~~~~~~~~~~~~~~~~~~~~~~~~~~~~~~~~~~~~~~~~~~~~~~~~~~~~~~~~~~~~~~~~~~~~^^
  File "/usr/local/lib/python3.14/site-packages/postgrest/_sync/request_builder.py", line 90, in execute
    r = send_with_retry(self.request)
  File "/usr/local/lib/python3.14/site-packages/postgrest/_sync/request_builder.py", line 51, in send_with_retry
    resp = req.send(headers)
  File "/usr/local/lib/python3.14/site-packages/postgrest/base_request_builder.py", line 90, in send
    return self.session.request(
           ~~~~~~~~~~~~~~~~~~~~^
        self.http_method,
        ^^^^^^^^^^^^^^^^^
    ...<4 lines>...
        auth=self.auth,
        ^^^^^^^^^^^^^^^
    )
    ^
  File "/usr/local/lib/python3.14/site-packages/httpx/_client.py", line 825, in request
    return self.send(request, auth=auth, follow_redirects=follow_redirects)
           ~~~~~~~~~^^^^^^^^^^^^^^^^^^^^^^^^^^^^^^^^^^^^^^^^^^^^^^^^^^^^^^^
  File "/usr/local/lib/python3.14/site-packages/httpx/_client.py", line 914, in send
    response = self._send_handling_auth(
        request,
    ...<2 lines>...
        history=[],
    )
  File "/usr/local/lib/python3.14/site-packages/httpx/_client.py", line 942, in _send_handling_auth
    response = self._send_handling_redirects(
        request,
        follow_redirects=follow_redirects,
        history=history,
    )
  File "/usr/local/lib/python3.14/site-packages/httpx/_client.py", line 979, in _send_handling_redirects
    response = self._send_single_request(request)
  File "/usr/local/lib/python3.14/site-packages/httpx/_client.py", line 1014, in _send_single_request
    response = transport.handle_request(request)
  File "/usr/local/lib/python3.14/site-packages/httpx/_transports/default.py", line 249, in handle_request
    with map_httpcore_exceptions():
         ~~~~~~~~~~~~~~~~~~~~~~~^^
  File "/usr/local/lib/python3.14/contextlib.py", line 162, in __exit__
    self.gen.throw(value)
    ~~~~~~~~~~~~~~^^^^^^^
  File "/usr/local/lib/python3.14/site-packages/httpx/_transports/default.py", line 118, in map_httpcore_exceptions
    raise mapped_exc(message) from exc
httpx.ConnectError: [Errno -2] Name or service not known
2026-07-26 18:25:52 [nse_scraper.db.backends] ERROR: Supabase upsert_stockanalysis_stock failed; writing local fallback
Traceback (most recent call last):
  File "/usr/local/lib/python3.14/site-packages/httpx/_transports/default.py", line 101, in map_httpcore_exceptions
    yield
  File "/usr/local/lib/python3.14/site-packages/httpx/_transports/default.py", line 250, in handle_request
    resp = self._pool.handle_request(req)
  File "/usr/local/lib/python3.14/site-packages/httpcore/_sync/connection_pool.py", line 256, in handle_request
    raise exc from None
  File "/usr/local/lib/python3.14/site-packages/httpcore/_sync/connection_pool.py", line 236, in handle_request
    response = connection.handle_request(
        pool_request.request
    )
  File "/usr/local/lib/python3.14/site-packages/httpcore/_sync/connection.py", line 101, in handle_request
    raise exc
  File "/usr/local/lib/python3.14/site-packages/httpcore/_sync/connection.py", line 78, in handle_request
    stream = self._connect(request)
  File "/usr/local/lib/python3.14/site-packages/httpcore/_sync/connection.py", line 124, in _connect
    stream = self._network_backend.connect_tcp(**kwargs)
  File "/usr/local/lib/python3.14/site-packages/httpcore/_backends/sync.py", line 207, in connect_tcp
    with map_exceptions(exc_map):
         ~~~~~~~~~~~~~~^^^^^^^^^
  File "/usr/local/lib/python3.14/contextlib.py", line 162, in __exit__
    self.gen.throw(value)
    ~~~~~~~~~~~~~~^^^^^^^
  File "/usr/local/lib/python3.14/site-packages/httpcore/_exceptions.py", line 14, in map_exceptions
    raise to_exc(exc) from exc
httpcore.ConnectError: [Errno -2] Name or service not known

The above exception was the direct cause of the following exception:

Traceback (most recent call last):
  File "/app/nse_scraper/db/backends.py", line 133, in upsert_stockanalysis_stock
    self.client.table(self.stockanalysis_table).upsert(payload, on_conflict="ticker_symbol").execute()
    ~~~~~~~~~~~~~~~~~~~~~~~~~~~~~~~~~~~~~~~~~~~~~~~~~~~~~~~~~~~~~~~~~~~~~~~~~~~~~~~~~~~~~~~~~~~~~~~~^^
  File "/usr/local/lib/python3.14/site-packages/postgrest/_sync/request_builder.py", line 90, in execute
    r = send_with_retry(self.request)
  File "/usr/local/lib/python3.14/site-packages/postgrest/_sync/request_builder.py", line 51, in send_with_retry
    resp = req.send(headers)
  File "/usr/local/lib/python3.14/site-packages/postgrest/base_request_builder.py", line 90, in send
    return self.session.request(
           ~~~~~~~~~~~~~~~~~~~~^
        self.http_method,
        ^^^^^^^^^^^^^^^^^
    ...<4 lines>...
        auth=self.auth,
        ^^^^^^^^^^^^^^^
    )
    ^
  File "/usr/local/lib/python3.14/site-packages/httpx/_client.py", line 825, in request
    return self.send(request, auth=auth, follow_redirects=follow_redirects)
           ~~~~~~~~~^^^^^^^^^^^^^^^^^^^^^^^^^^^^^^^^^^^^^^^^^^^^^^^^^^^^^^^
  File "/usr/local/lib/python3.14/site-packages/httpx/_client.py", line 914, in send
    response = self._send_handling_auth(
        request,
    ...<2 lines>...
        history=[],
    )
  File "/usr/local/lib/python3.14/site-packages/httpx/_client.py", line 942, in _send_handling_auth
    response = self._send_handling_redirects(
        request,
        follow_redirects=follow_redirects,
        history=history,
    )
  File "/usr/local/lib/python3.14/site-packages/httpx/_client.py", line 979, in _send_handling_redirects
    response = self._send_single_request(request)
  File "/usr/local/lib/python3.14/site-packages/httpx/_client.py", line 1014, in _send_single_request
    response = transport.handle_request(request)
  File "/usr/local/lib/python3.14/site-packages/httpx/_transports/default.py", line 249, in handle_request
    with map_httpcore_exceptions():
         ~~~~~~~~~~~~~~~~~~~~~~~^^
  File "/usr/local/lib/python3.14/contextlib.py", line 162, in __exit__
    self.gen.throw(value)
    ~~~~~~~~~~~~~~^^^^^^^
  File "/usr/local/lib/python3.14/site-packages/httpx/_transports/default.py", line 118, in map_httpcore_exceptions
    raise mapped_exc(message) from exc
httpx.ConnectError: [Errno -2] Name or service not known
2026-07-26 18:25:52 [nse_scraper.db.backends] ERROR: Supabase upsert_stockanalysis_stock failed; writing local fallback
Traceback (most recent call last):
  File "/usr/local/lib/python3.14/site-packages/httpx/_transports/default.py", line 101, in map_httpcore_exceptions
    yield
  File "/usr/local/lib/python3.14/site-packages/httpx/_transports/default.py", line 250, in handle_request
    resp = self._pool.handle_request(req)
  File "/usr/local/lib/python3.14/site-packages/httpcore/_sync/connection_pool.py", line 256, in handle_request
    raise exc from None
  File "/usr/local/lib/python3.14/site-packages/httpcore/_sync/connection_pool.py", line 236, in handle_request
    response = connection.handle_request(
        pool_request.request
    )
  File "/usr/local/lib/python3.14/site-packages/httpcore/_sync/connection.py", line 101, in handle_request
    raise exc
  File "/usr/local/lib/python3.14/site-packages/httpcore/_sync/connection.py", line 78, in handle_request
    stream = self._connect(request)
  File "/usr/local/lib/python3.14/site-packages/httpcore/_sync/connection.py", line 124, in _connect
    stream = self._network_backend.connect_tcp(**kwargs)
  File "/usr/local/lib/python3.14/site-packages/httpcore/_backends/sync.py", line 207, in connect_tcp
    with map_exceptions(exc_map):
         ~~~~~~~~~~~~~~^^^^^^^^^
  File "/usr/local/lib/python3.14/contextlib.py", line 162, in __exit__
    self.gen.throw(value)
    ~~~~~~~~~~~~~~^^^^^^^
  File "/usr/local/lib/python3.14/site-packages/httpcore/_exceptions.py", line 14, in map_exceptions
    raise to_exc(exc) from exc
httpcore.ConnectError: [Errno -2] Name or service not known

The above exception was the direct cause of the following exception:

Traceback (most recent call last):
  File "/app/nse_scraper/db/backends.py", line 133, in upsert_stockanalysis_stock
    self.client.table(self.stockanalysis_table).upsert(payload, on_conflict="ticker_symbol").execute()
    ~~~~~~~~~~~~~~~~~~~~~~~~~~~~~~~~~~~~~~~~~~~~~~~~~~~~~~~~~~~~~~~~~~~~~~~~~~~~~~~~~~~~~~~~~~~~~~~~^^
  File "/usr/local/lib/python3.14/site-packages/postgrest/_sync/request_builder.py", line 90, in execute
    r = send_with_retry(self.request)
  File "/usr/local/lib/python3.14/site-packages/postgrest/_sync/request_builder.py", line 51, in send_with_retry
    resp = req.send(headers)
  File "/usr/local/lib/python3.14/site-packages/postgrest/base_request_builder.py", line 90, in send
    return self.session.request(
           ~~~~~~~~~~~~~~~~~~~~^
        self.http_method,
        ^^^^^^^^^^^^^^^^^
    ...<4 lines>...
        auth=self.auth,
        ^^^^^^^^^^^^^^^
    )
    ^
  File "/usr/local/lib/python3.14/site-packages/httpx/_client.py", line 825, in request
    return self.send(request, auth=auth, follow_redirects=follow_redirects)
           ~~~~~~~~~^^^^^^^^^^^^^^^^^^^^^^^^^^^^^^^^^^^^^^^^^^^^^^^^^^^^^^^
  File "/usr/local/lib/python3.14/site-packages/httpx/_client.py", line 914, in send
    response = self._send_handling_auth(
        request,
    ...<2 lines>...
        history=[],
    )
  File "/usr/local/lib/python3.14/site-packages/httpx/_client.py", line 942, in _send_handling_auth
    response = self._send_handling_redirects(
        request,
        follow_redirects=follow_redirects,
        history=history,
    )
  File "/usr/local/lib/python3.14/site-packages/httpx/_client.py", line 979, in _send_handling_redirects
    response = self._send_single_request(request)
  File "/usr/local/lib/python3.14/site-packages/httpx/_client.py", line 1014, in _send_single_request
    response = transport.handle_request(request)
  File "/usr/local/lib/python3.14/site-packages/httpx/_transports/default.py", line 249, in handle_request
    with map_httpcore_exceptions():
         ~~~~~~~~~~~~~~~~~~~~~~~^^
  File "/usr/local/lib/python3.14/contextlib.py", line 162, in __exit__
    self.gen.throw(value)
    ~~~~~~~~~~~~~~^^^^^^^
  File "/usr/local/lib/python3.14/site-packages/httpx/_transports/default.py", line 118, in map_httpcore_exceptions
    raise mapped_exc(message) from exc
httpx.ConnectError: [Errno -2] Name or service not known
2026-07-26 18:25:52 [nse_scraper.db.backends] ERROR: Supabase upsert_stockanalysis_stock failed; writing local fallback
Traceback (most recent call last):
  File "/usr/local/lib/python3.14/site-packages/httpx/_transports/default.py", line 101, in map_httpcore_exceptions
    yield
  File "/usr/local/lib/python3.14/site-packages/httpx/_transports/default.py", line 250, in handle_request
    resp = self._pool.handle_request(req)
  File "/usr/local/lib/python3.14/site-packages/httpcore/_sync/connection_pool.py", line 256, in handle_request
    raise exc from None
  File "/usr/local/lib/python3.14/site-packages/httpcore/_sync/connection_pool.py", line 236, in handle_request
    response = connection.handle_request(
        pool_request.request
    )
  File "/usr/local/lib/python3.14/site-packages/httpcore/_sync/connection.py", line 101, in handle_request
    raise exc
  File "/usr/local/lib/python3.14/site-packages/httpcore/_sync/connection.py", line 78, in handle_request
    stream = self._connect(request)
  File "/usr/local/lib/python3.14/site-packages/httpcore/_sync/connection.py", line 124, in _connect
    stream = self._network_backend.connect_tcp(**kwargs)
  File "/usr/local/lib/python3.14/site-packages/httpcore/_backends/sync.py", line 207, in connect_tcp
    with map_exceptions(exc_map):
         ~~~~~~~~~~~~~~^^^^^^^^^
  File "/usr/local/lib/python3.14/contextlib.py", line 162, in __exit__
    self.gen.throw(value)
    ~~~~~~~~~~~~~~^^^^^^^
  File "/usr/local/lib/python3.14/site-packages/httpcore/_exceptions.py", line 14, in map_exceptions
    raise to_exc(exc) from exc
httpcore.ConnectError: [Errno -2] Name or service not known

The above exception was the direct cause of the following exception:

Traceback (most recent call last):
  File "/app/nse_scraper/db/backends.py", line 133, in upsert_stockanalysis_stock
    self.client.table(self.stockanalysis_table).upsert(payload, on_conflict="ticker_symbol").execute()
    ~~~~~~~~~~~~~~~~~~~~~~~~~~~~~~~~~~~~~~~~~~~~~~~~~~~~~~~~~~~~~~~~~~~~~~~~~~~~~~~~~~~~~~~~~~~~~~~~^^
  File "/usr/local/lib/python3.14/site-packages/postgrest/_sync/request_builder.py", line 90, in execute
    r = send_with_retry(self.request)
  File "/usr/local/lib/python3.14/site-packages/postgrest/_sync/request_builder.py", line 51, in send_with_retry
    resp = req.send(headers)
  File "/usr/local/lib/python3.14/site-packages/postgrest/base_request_builder.py", line 90, in send
    return self.session.request(
           ~~~~~~~~~~~~~~~~~~~~^
        self.http_method,
        ^^^^^^^^^^^^^^^^^
    ...<4 lines>...
        auth=self.auth,
        ^^^^^^^^^^^^^^^
    )
    ^
  File "/usr/local/lib/python3.14/site-packages/httpx/_client.py", line 825, in request
    return self.send(request, auth=auth, follow_redirects=follow_redirects)
           ~~~~~~~~~^^^^^^^^^^^^^^^^^^^^^^^^^^^^^^^^^^^^^^^^^^^^^^^^^^^^^^^
  File "/usr/local/lib/python3.14/site-packages/httpx/_client.py", line 914, in send
    response = self._send_handling_auth(
        request,
    ...<2 lines>...
        history=[],
    )
  File "/usr/local/lib/python3.14/site-packages/httpx/_client.py", line 942, in _send_handling_auth
    response = self._send_handling_redirects(
        request,
        follow_redirects=follow_redirects,
        history=history,
    )
  File "/usr/local/lib/python3.14/site-packages/httpx/_client.py", line 979, in _send_handling_redirects
    response = self._send_single_request(request)
  File "/usr/local/lib/python3.14/site-packages/httpx/_client.py", line 1014, in _send_single_request
    response = transport.handle_request(request)
  File "/usr/local/lib/python3.14/site-packages/httpx/_transports/default.py", line 249, in handle_request
    with map_httpcore_exceptions():
         ~~~~~~~~~~~~~~~~~~~~~~~^^
  File "/usr/local/lib/python3.14/contextlib.py", line 162, in __exit__
    self.gen.throw(value)
    ~~~~~~~~~~~~~~^^^^^^^
  File "/usr/local/lib/python3.14/site-packages/httpx/_transports/default.py", line 118, in map_httpcore_exceptions
    raise mapped_exc(message) from exc
httpx.ConnectError: [Errno -2] Name or service not known
2026-07-26 18:25:52 [nse_scraper.db.backends] ERROR: Supabase upsert_stockanalysis_stock failed; writing local fallback
Traceback (most recent call last):
  File "/usr/local/lib/python3.14/site-packages/httpx/_transports/default.py", line 101, in map_httpcore_exceptions
    yield
  File "/usr/local/lib/python3.14/site-packages/httpx/_transports/default.py", line 250, in handle_request
    resp = self._pool.handle_request(req)
  File "/usr/local/lib/python3.14/site-packages/httpcore/_sync/connection_pool.py", line 256, in handle_request
    raise exc from None
  File "/usr/local/lib/python3.14/site-packages/httpcore/_sync/connection_pool.py", line 236, in handle_request
    response = connection.handle_request(
        pool_request.request
    )
  File "/usr/local/lib/python3.14/site-packages/httpcore/_sync/connection.py", line 101, in handle_request
    raise exc
  File "/usr/local/lib/python3.14/site-packages/httpcore/_sync/connection.py", line 78, in handle_request
    stream = self._connect(request)
  File "/usr/local/lib/python3.14/site-packages/httpcore/_sync/connection.py", line 124, in _connect
    stream = self._network_backend.connect_tcp(**kwargs)
  File "/usr/local/lib/python3.14/site-packages/httpcore/_backends/sync.py", line 207, in connect_tcp
    with map_exceptions(exc_map):
         ~~~~~~~~~~~~~~^^^^^^^^^
  File "/usr/local/lib/python3.14/contextlib.py", line 162, in __exit__
    self.gen.throw(value)
    ~~~~~~~~~~~~~~^^^^^^^
  File "/usr/local/lib/python3.14/site-packages/httpcore/_exceptions.py", line 14, in map_exceptions
    raise to_exc(exc) from exc
httpcore.ConnectError: [Errno -2] Name or service not known

The above exception was the direct cause of the following exception:

Traceback (most recent call last):
  File "/app/nse_scraper/db/backends.py", line 133, in upsert_stockanalysis_stock
    self.client.table(self.stockanalysis_table).upsert(payload, on_conflict="ticker_symbol").execute()
    ~~~~~~~~~~~~~~~~~~~~~~~~~~~~~~~~~~~~~~~~~~~~~~~~~~~~~~~~~~~~~~~~~~~~~~~~~~~~~~~~~~~~~~~~~~~~~~~~^^
  File "/usr/local/lib/python3.14/site-packages/postgrest/_sync/request_builder.py", line 90, in execute
    r = send_with_retry(self.request)
  File "/usr/local/lib/python3.14/site-packages/postgrest/_sync/request_builder.py", line 51, in send_with_retry
    resp = req.send(headers)
  File "/usr/local/lib/python3.14/site-packages/postgrest/base_request_builder.py", line 90, in send
    return self.session.request(
           ~~~~~~~~~~~~~~~~~~~~^
        self.http_method,
        ^^^^^^^^^^^^^^^^^
    ...<4 lines>...
        auth=self.auth,
        ^^^^^^^^^^^^^^^
    )
    ^
  File "/usr/local/lib/python3.14/site-packages/httpx/_client.py", line 825, in request
    return self.send(request, auth=auth, follow_redirects=follow_redirects)
           ~~~~~~~~~^^^^^^^^^^^^^^^^^^^^^^^^^^^^^^^^^^^^^^^^^^^^^^^^^^^^^^^
  File "/usr/local/lib/python3.14/site-packages/httpx/_client.py", line 914, in send
    response = self._send_handling_auth(
        request,
    ...<2 lines>...
        history=[],
    )
  File "/usr/local/lib/python3.14/site-packages/httpx/_client.py", line 942, in _send_handling_auth
    response = self._send_handling_redirects(
        request,
        follow_redirects=follow_redirects,
        history=history,
    )
  File "/usr/local/lib/python3.14/site-packages/httpx/_client.py", line 979, in _send_handling_redirects
    response = self._send_single_request(request)
  File "/usr/local/lib/python3.14/site-packages/httpx/_client.py", line 1014, in _send_single_request
    response = transport.handle_request(request)
  File "/usr/local/lib/python3.14/site-packages/httpx/_transports/default.py", line 249, in handle_request
    with map_httpcore_exceptions():
         ~~~~~~~~~~~~~~~~~~~~~~~^^
  File "/usr/local/lib/python3.14/contextlib.py", line 162, in __exit__
    self.gen.throw(value)
    ~~~~~~~~~~~~~~^^^^^^^
  File "/usr/local/lib/python3.14/site-packages/httpx/_transports/default.py", line 118, in map_httpcore_exceptions
    raise mapped_exc(message) from exc
httpx.ConnectError: [Errno -2] Name or service not known
2026-07-26 18:25:52 [nse_scraper.db.backends] ERROR: Supabase upsert_stockanalysis_stock failed; writing local fallback
Traceback (most recent call last):
  File "/usr/local/lib/python3.14/site-packages/httpx/_transports/default.py", line 101, in map_httpcore_exceptions
    yield
  File "/usr/local/lib/python3.14/site-packages/httpx/_transports/default.py", line 250, in handle_request
    resp = self._pool.handle_request(req)
  File "/usr/local/lib/python3.14/site-packages/httpcore/_sync/connection_pool.py", line 256, in handle_request
    raise exc from None
  File "/usr/local/lib/python3.14/site-packages/httpcore/_sync/connection_pool.py", line 236, in handle_request
    response = connection.handle_request(
        pool_request.request
    )
  File "/usr/local/lib/python3.14/site-packages/httpcore/_sync/connection.py", line 101, in handle_request
    raise exc
  File "/usr/local/lib/python3.14/site-packages/httpcore/_sync/connection.py", line 78, in handle_request
    stream = self._connect(request)
  File "/usr/local/lib/python3.14/site-packages/httpcore/_sync/connection.py", line 124, in _connect
    stream = self._network_backend.connect_tcp(**kwargs)
  File "/usr/local/lib/python3.14/site-packages/httpcore/_backends/sync.py", line 207, in connect_tcp
    with map_exceptions(exc_map):
         ~~~~~~~~~~~~~~^^^^^^^^^
  File "/usr/local/lib/python3.14/contextlib.py", line 162, in __exit__
    self.gen.throw(value)
    ~~~~~~~~~~~~~~^^^^^^^
  File "/usr/local/lib/python3.14/site-packages/httpcore/_exceptions.py", line 14, in map_exceptions
    raise to_exc(exc) from exc
httpcore.ConnectError: [Errno -2] Name or service not known

The above exception was the direct cause of the following exception:

Traceback (most recent call last):
  File "/app/nse_scraper/db/backends.py", line 133, in upsert_stockanalysis_stock
    self.client.table(self.stockanalysis_table).upsert(payload, on_conflict="ticker_symbol").execute()
    ~~~~~~~~~~~~~~~~~~~~~~~~~~~~~~~~~~~~~~~~~~~~~~~~~~~~~~~~~~~~~~~~~~~~~~~~~~~~~~~~~~~~~~~~~~~~~~~~^^
  File "/usr/local/lib/python3.14/site-packages/postgrest/_sync/request_builder.py", line 90, in execute
    r = send_with_retry(self.request)
  File "/usr/local/lib/python3.14/site-packages/postgrest/_sync/request_builder.py", line 51, in send_with_retry
    resp = req.send(headers)
  File "/usr/local/lib/python3.14/site-packages/postgrest/base_request_builder.py", line 90, in send
    return self.session.request(
           ~~~~~~~~~~~~~~~~~~~~^
        self.http_method,
        ^^^^^^^^^^^^^^^^^
    ...<4 lines>...
        auth=self.auth,
        ^^^^^^^^^^^^^^^
    )
    ^
  File "/usr/local/lib/python3.14/site-packages/httpx/_client.py", line 825, in request
    return self.send(request, auth=auth, follow_redirects=follow_redirects)
           ~~~~~~~~~^^^^^^^^^^^^^^^^^^^^^^^^^^^^^^^^^^^^^^^^^^^^^^^^^^^^^^^
  File "/usr/local/lib/python3.14/site-packages/httpx/_client.py", line 914, in send
    response = self._send_handling_auth(
        request,
    ...<2 lines>...
        history=[],
    )
  File "/usr/local/lib/python3.14/site-packages/httpx/_client.py", line 942, in _send_handling_auth
    response = self._send_handling_redirects(
        request,
        follow_redirects=follow_redirects,
        history=history,
    )
  File "/usr/local/lib/python3.14/site-packages/httpx/_client.py", line 979, in _send_handling_redirects
    response = self._send_single_request(request)
  File "/usr/local/lib/python3.14/site-packages/httpx/_client.py", line 1014, in _send_single_request
    response = transport.handle_request(request)
  File "/usr/local/lib/python3.14/site-packages/httpx/_transports/default.py", line 249, in handle_request
    with map_httpcore_exceptions():
         ~~~~~~~~~~~~~~~~~~~~~~~^^
  File "/usr/local/lib/python3.14/contextlib.py", line 162, in __exit__
    self.gen.throw(value)
    ~~~~~~~~~~~~~~^^^^^^^
  File "/usr/local/lib/python3.14/site-packages/httpx/_transports/default.py", line 118, in map_httpcore_exceptions
    raise mapped_exc(message) from exc
httpx.ConnectError: [Errno -2] Name or service not known
2026-07-26 18:25:52 [nse_scraper.db.backends] ERROR: Supabase upsert_stockanalysis_stock failed; writing local fallback
Traceback (most recent call last):
  File "/usr/local/lib/python3.14/site-packages/httpx/_transports/default.py", line 101, in map_httpcore_exceptions
    yield
  File "/usr/local/lib/python3.14/site-packages/httpx/_transports/default.py", line 250, in handle_request
    resp = self._pool.handle_request(req)
  File "/usr/local/lib/python3.14/site-packages/httpcore/_sync/connection_pool.py", line 256, in handle_request
    raise exc from None
  File "/usr/local/lib/python3.14/site-packages/httpcore/_sync/connection_pool.py", line 236, in handle_request
    response = connection.handle_request(
        pool_request.request
    )
  File "/usr/local/lib/python3.14/site-packages/httpcore/_sync/connection.py", line 101, in handle_request
    raise exc
  File "/usr/local/lib/python3.14/site-packages/httpcore/_sync/connection.py", line 78, in handle_request
    stream = self._connect(request)
  File "/usr/local/lib/python3.14/site-packages/httpcore/_sync/connection.py", line 124, in _connect
    stream = self._network_backend.connect_tcp(**kwargs)
  File "/usr/local/lib/python3.14/site-packages/httpcore/_backends/sync.py", line 207, in connect_tcp
    with map_exceptions(exc_map):
         ~~~~~~~~~~~~~~^^^^^^^^^
  File "/usr/local/lib/python3.14/contextlib.py", line 162, in __exit__
    self.gen.throw(value)
    ~~~~~~~~~~~~~~^^^^^^^
  File "/usr/local/lib/python3.14/site-packages/httpcore/_exceptions.py", line 14, in map_exceptions
    raise to_exc(exc) from exc
httpcore.ConnectError: [Errno -2] Name or service not known

The above exception was the direct cause of the following exception:

Traceback (most recent call last):
  File "/app/nse_scraper/db/backends.py", line 133, in upsert_stockanalysis_stock
    self.client.table(self.stockanalysis_table).upsert(payload, on_conflict="ticker_symbol").execute()
    ~~~~~~~~~~~~~~~~~~~~~~~~~~~~~~~~~~~~~~~~~~~~~~~~~~~~~~~~~~~~~~~~~~~~~~~~~~~~~~~~~~~~~~~~~~~~~~~~^^
  File "/usr/local/lib/python3.14/site-packages/postgrest/_sync/request_builder.py", line 90, in execute
    r = send_with_retry(self.request)
  File "/usr/local/lib/python3.14/site-packages/postgrest/_sync/request_builder.py", line 51, in send_with_retry
    resp = req.send(headers)
  File "/usr/local/lib/python3.14/site-packages/postgrest/base_request_builder.py", line 90, in send
    return self.session.request(
           ~~~~~~~~~~~~~~~~~~~~^
        self.http_method,
        ^^^^^^^^^^^^^^^^^
    ...<4 lines>...
        auth=self.auth,
        ^^^^^^^^^^^^^^^
    )
    ^
  File "/usr/local/lib/python3.14/site-packages/httpx/_client.py", line 825, in request
    return self.send(request, auth=auth, follow_redirects=follow_redirects)
           ~~~~~~~~~^^^^^^^^^^^^^^^^^^^^^^^^^^^^^^^^^^^^^^^^^^^^^^^^^^^^^^^
  File "/usr/local/lib/python3.14/site-packages/httpx/_client.py", line 914, in send
    response = self._send_handling_auth(
        request,
    ...<2 lines>...
        history=[],
    )
  File "/usr/local/lib/python3.14/site-packages/httpx/_client.py", line 942, in _send_handling_auth
    response = self._send_handling_redirects(
        request,
        follow_redirects=follow_redirects,
        history=history,
    )
  File "/usr/local/lib/python3.14/site-packages/httpx/_client.py", line 979, in _send_handling_redirects
    response = self._send_single_request(request)
  File "/usr/local/lib/python3.14/site-packages/httpx/_client.py", line 1014, in _send_single_request
    response = transport.handle_request(request)
  File "/usr/local/lib/python3.14/site-packages/httpx/_transports/default.py", line 249, in handle_request
    with map_httpcore_exceptions():
         ~~~~~~~~~~~~~~~~~~~~~~~^^
  File "/usr/local/lib/python3.14/contextlib.py", line 162, in __exit__
    self.gen.throw(value)
    ~~~~~~~~~~~~~~^^^^^^^
  File "/usr/local/lib/python3.14/site-packages/httpx/_transports/default.py", line 118, in map_httpcore_exceptions
    raise mapped_exc(message) from exc
httpx.ConnectError: [Errno -2] Name or service not known
2026-07-26 18:25:52 [nse_scraper.db.backends] ERROR: Supabase upsert_stockanalysis_stock failed; writing local fallback
Traceback (most recent call last):
  File "/usr/local/lib/python3.14/site-packages/httpx/_transports/default.py", line 101, in map_httpcore_exceptions
    yield
  File "/usr/local/lib/python3.14/site-packages/httpx/_transports/default.py", line 250, in handle_request
    resp = self._pool.handle_request(req)
  File "/usr/local/lib/python3.14/site-packages/httpcore/_sync/connection_pool.py", line 256, in handle_request
    raise exc from None
  File "/usr/local/lib/python3.14/site-packages/httpcore/_sync/connection_pool.py", line 236, in handle_request
    response = connection.handle_request(
        pool_request.request
    )
  File "/usr/local/lib/python3.14/site-packages/httpcore/_sync/connection.py", line 101, in handle_request
    raise exc
  File "/usr/local/lib/python3.14/site-packages/httpcore/_sync/connection.py", line 78, in handle_request
    stream = self._connect(request)
  File "/usr/local/lib/python3.14/site-packages/httpcore/_sync/connection.py", line 124, in _connect
    stream = self._network_backend.connect_tcp(**kwargs)
  File "/usr/local/lib/python3.14/site-packages/httpcore/_backends/sync.py", line 207, in connect_tcp
    with map_exceptions(exc_map):
         ~~~~~~~~~~~~~~^^^^^^^^^
  File "/usr/local/lib/python3.14/contextlib.py", line 162, in __exit__
    self.gen.throw(value)
    ~~~~~~~~~~~~~~^^^^^^^
  File "/usr/local/lib/python3.14/site-packages/httpcore/_exceptions.py", line 14, in map_exceptions
    raise to_exc(exc) from exc
httpcore.ConnectError: [Errno -2] Name or service not known

The above exception was the direct cause of the following exception:

Traceback (most recent call last):
  File "/app/nse_scraper/db/backends.py", line 133, in upsert_stockanalysis_stock
    self.client.table(self.stockanalysis_table).upsert(payload, on_conflict="ticker_symbol").execute()
    ~~~~~~~~~~~~~~~~~~~~~~~~~~~~~~~~~~~~~~~~~~~~~~~~~~~~~~~~~~~~~~~~~~~~~~~~~~~~~~~~~~~~~~~~~~~~~~~~^^
  File "/usr/local/lib/python3.14/site-packages/postgrest/_sync/request_builder.py", line 90, in execute
    r = send_with_retry(self.request)
  File "/usr/local/lib/python3.14/site-packages/postgrest/_sync/request_builder.py", line 51, in send_with_retry
    resp = req.send(headers)
  File "/usr/local/lib/python3.14/site-packages/postgrest/base_request_builder.py", line 90, in send
    return self.session.request(
           ~~~~~~~~~~~~~~~~~~~~^
        self.http_method,
        ^^^^^^^^^^^^^^^^^
    ...<4 lines>...
        auth=self.auth,
        ^^^^^^^^^^^^^^^
    )
    ^
  File "/usr/local/lib/python3.14/site-packages/httpx/_client.py", line 825, in request
    return self.send(request, auth=auth, follow_redirects=follow_redirects)
           ~~~~~~~~~^^^^^^^^^^^^^^^^^^^^^^^^^^^^^^^^^^^^^^^^^^^^^^^^^^^^^^^
  File "/usr/local/lib/python3.14/site-packages/httpx/_client.py", line 914, in send
    response = self._send_handling_auth(
        request,
    ...<2 lines>...
        history=[],
    )
  File "/usr/local/lib/python3.14/site-packages/httpx/_client.py", line 942, in _send_handling_auth
    response = self._send_handling_redirects(
        request,
        follow_redirects=follow_redirects,
        history=history,
    )
  File "/usr/local/lib/python3.14/site-packages/httpx/_client.py", line 979, in _send_handling_redirects
    response = self._send_single_request(request)
  File "/usr/local/lib/python3.14/site-packages/httpx/_client.py", line 1014, in _send_single_request
    response = transport.handle_request(request)
  File "/usr/local/lib/python3.14/site-packages/httpx/_transports/default.py", line 249, in handle_request
    with map_httpcore_exceptions():
         ~~~~~~~~~~~~~~~~~~~~~~~^^
  File "/usr/local/lib/python3.14/contextlib.py", line 162, in __exit__
    self.gen.throw(value)
    ~~~~~~~~~~~~~~^^^^^^^
  File "/usr/local/lib/python3.14/site-packages/httpx/_transports/default.py", line 118, in map_httpcore_exceptions
    raise mapped_exc(message) from exc
httpx.ConnectError: [Errno -2] Name or service not known
2026-07-26 18:25:52 [nse_scraper.db.backends] ERROR: Supabase upsert_stockanalysis_stock failed; writing local fallback
Traceback (most recent call last):
  File "/usr/local/lib/python3.14/site-packages/httpx/_transports/default.py", line 101, in map_httpcore_exceptions
    yield
  File "/usr/local/lib/python3.14/site-packages/httpx/_transports/default.py", line 250, in handle_request
    resp = self._pool.handle_request(req)
  File "/usr/local/lib/python3.14/site-packages/httpcore/_sync/connection_pool.py", line 256, in handle_request
    raise exc from None
  File "/usr/local/lib/python3.14/site-packages/httpcore/_sync/connection_pool.py", line 236, in handle_request
    response = connection.handle_request(
        pool_request.request
    )
  File "/usr/local/lib/python3.14/site-packages/httpcore/_sync/connection.py", line 101, in handle_request
    raise exc
  File "/usr/local/lib/python3.14/site-packages/httpcore/_sync/connection.py", line 78, in handle_request
    stream = self._connect(request)
  File "/usr/local/lib/python3.14/site-packages/httpcore/_sync/connection.py", line 124, in _connect
    stream = self._network_backend.connect_tcp(**kwargs)
  File "/usr/local/lib/python3.14/site-packages/httpcore/_backends/sync.py", line 207, in connect_tcp
    with map_exceptions(exc_map):
         ~~~~~~~~~~~~~~^^^^^^^^^
  File "/usr/local/lib/python3.14/contextlib.py", line 162, in __exit__
    self.gen.throw(value)
    ~~~~~~~~~~~~~~^^^^^^^
  File "/usr/local/lib/python3.14/site-packages/httpcore/_exceptions.py", line 14, in map_exceptions
    raise to_exc(exc) from exc
httpcore.ConnectError: [Errno -2] Name or service not known

The above exception was the direct cause of the following exception:

Traceback (most recent call last):
  File "/app/nse_scraper/db/backends.py", line 133, in upsert_stockanalysis_stock
    self.client.table(self.stockanalysis_table).upsert(payload, on_conflict="ticker_symbol").execute()
    ~~~~~~~~~~~~~~~~~~~~~~~~~~~~~~~~~~~~~~~~~~~~~~~~~~~~~~~~~~~~~~~~~~~~~~~~~~~~~~~~~~~~~~~~~~~~~~~~^^
  File "/usr/local/lib/python3.14/site-packages/postgrest/_sync/request_builder.py", line 90, in execute
    r = send_with_retry(self.request)
  File "/usr/local/lib/python3.14/site-packages/postgrest/_sync/request_builder.py", line 51, in send_with_retry
    resp = req.send(headers)
  File "/usr/local/lib/python3.14/site-packages/postgrest/base_request_builder.py", line 90, in send
    return self.session.request(
           ~~~~~~~~~~~~~~~~~~~~^
        self.http_method,
        ^^^^^^^^^^^^^^^^^
    ...<4 lines>...
        auth=self.auth,
        ^^^^^^^^^^^^^^^
    )
    ^
  File "/usr/local/lib/python3.14/site-packages/httpx/_client.py", line 825, in request
    return self.send(request, auth=auth, follow_redirects=follow_redirects)
           ~~~~~~~~~^^^^^^^^^^^^^^^^^^^^^^^^^^^^^^^^^^^^^^^^^^^^^^^^^^^^^^^
  File "/usr/local/lib/python3.14/site-packages/httpx/_client.py", line 914, in send
    response = self._send_handling_auth(
        request,
    ...<2 lines>...
        history=[],
    )
  File "/usr/local/lib/python3.14/site-packages/httpx/_client.py", line 942, in _send_handling_auth
    response = self._send_handling_redirects(
        request,
        follow_redirects=follow_redirects,
        history=history,
    )
  File "/usr/local/lib/python3.14/site-packages/httpx/_client.py", line 979, in _send_handling_redirects
    response = self._send_single_request(request)
  File "/usr/local/lib/python3.14/site-packages/httpx/_client.py", line 1014, in _send_single_request
    response = transport.handle_request(request)
  File "/usr/local/lib/python3.14/site-packages/httpx/_transports/default.py", line 249, in handle_request
    with map_httpcore_exceptions():
         ~~~~~~~~~~~~~~~~~~~~~~~^^
  File "/usr/local/lib/python3.14/contextlib.py", line 162, in __exit__
    self.gen.throw(value)
    ~~~~~~~~~~~~~~^^^^^^^
  File "/usr/local/lib/python3.14/site-packages/httpx/_transports/default.py", line 118, in map_httpcore_exceptions
    raise mapped_exc(message) from exc
httpx.ConnectError: [Errno -2] Name or service not known
2026-07-26 18:25:52 [nse_scraper.db.backends] ERROR: Supabase upsert_stockanalysis_stock failed; writing local fallback
Traceback (most recent call last):
  File "/usr/local/lib/python3.14/site-packages/httpx/_transports/default.py", line 101, in map_httpcore_exceptions
    yield
  File "/usr/local/lib/python3.14/site-packages/httpx/_transports/default.py", line 250, in handle_request
    resp = self._pool.handle_request(req)
  File "/usr/local/lib/python3.14/site-packages/httpcore/_sync/connection_pool.py", line 256, in handle_request
    raise exc from None
  File "/usr/local/lib/python3.14/site-packages/httpcore/_sync/connection_pool.py", line 236, in handle_request
    response = connection.handle_request(
        pool_request.request
    )
  File "/usr/local/lib/python3.14/site-packages/httpcore/_sync/connection.py", line 101, in handle_request
    raise exc
  File "/usr/local/lib/python3.14/site-packages/httpcore/_sync/connection.py", line 78, in handle_request
    stream = self._connect(request)
  File "/usr/local/lib/python3.14/site-packages/httpcore/_sync/connection.py", line 124, in _connect
    stream = self._network_backend.connect_tcp(**kwargs)
  File "/usr/local/lib/python3.14/site-packages/httpcore/_backends/sync.py", line 207, in connect_tcp
    with map_exceptions(exc_map):
         ~~~~~~~~~~~~~~^^^^^^^^^
  File "/usr/local/lib/python3.14/contextlib.py", line 162, in __exit__
    self.gen.throw(value)
    ~~~~~~~~~~~~~~^^^^^^^
  File "/usr/local/lib/python3.14/site-packages/httpcore/_exceptions.py", line 14, in map_exceptions
    raise to_exc(exc) from exc
httpcore.ConnectError: [Errno -2] Name or service not known

The above exception was the direct cause of the following exception:

Traceback (most recent call last):
  File "/app/nse_scraper/db/backends.py", line 133, in upsert_stockanalysis_stock
    self.client.table(self.stockanalysis_table).upsert(payload, on_conflict="ticker_symbol").execute()
    ~~~~~~~~~~~~~~~~~~~~~~~~~~~~~~~~~~~~~~~~~~~~~~~~~~~~~~~~~~~~~~~~~~~~~~~~~~~~~~~~~~~~~~~~~~~~~~~~^^
  File "/usr/local/lib/python3.14/site-packages/postgrest/_sync/request_builder.py", line 90, in execute
    r = send_with_retry(self.request)
  File "/usr/local/lib/python3.14/site-packages/postgrest/_sync/request_builder.py", line 51, in send_with_retry
    resp = req.send(headers)
  File "/usr/local/lib/python3.14/site-packages/postgrest/base_request_builder.py", line 90, in send
    return self.session.request(
           ~~~~~~~~~~~~~~~~~~~~^
        self.http_method,
        ^^^^^^^^^^^^^^^^^
    ...<4 lines>...
        auth=self.auth,
        ^^^^^^^^^^^^^^^
    )
    ^
  File "/usr/local/lib/python3.14/site-packages/httpx/_client.py", line 825, in request
    return self.send(request, auth=auth, follow_redirects=follow_redirects)
           ~~~~~~~~~^^^^^^^^^^^^^^^^^^^^^^^^^^^^^^^^^^^^^^^^^^^^^^^^^^^^^^^
  File "/usr/local/lib/python3.14/site-packages/httpx/_client.py", line 914, in send
    response = self._send_handling_auth(
        request,
    ...<2 lines>...
        history=[],
    )
  File "/usr/local/lib/python3.14/site-packages/httpx/_client.py", line 942, in _send_handling_auth
    response = self._send_handling_redirects(
        request,
        follow_redirects=follow_redirects,
        history=history,
    )
  File "/usr/local/lib/python3.14/site-packages/httpx/_client.py", line 979, in _send_handling_redirects
    response = self._send_single_request(request)
  File "/usr/local/lib/python3.14/site-packages/httpx/_client.py", line 1014, in _send_single_request
    response = transport.handle_request(request)
  File "/usr/local/lib/python3.14/site-packages/httpx/_transports/default.py", line 249, in handle_request
    with map_httpcore_exceptions():
         ~~~~~~~~~~~~~~~~~~~~~~~^^
  File "/usr/local/lib/python3.14/contextlib.py", line 162, in __exit__
    self.gen.throw(value)
    ~~~~~~~~~~~~~~^^^^^^^
  File "/usr/local/lib/python3.14/site-packages/httpx/_transports/default.py", line 118, in map_httpcore_exceptions
    raise mapped_exc(message) from exc
httpx.ConnectError: [Errno -2] Name or service not known
2026-07-26 18:25:53 [nse_scraper.db.backends] ERROR: Supabase upsert_stockanalysis_stock failed; writing local fallback
Traceback (most recent call last):
  File "/usr/local/lib/python3.14/site-packages/httpx/_transports/default.py", line 101, in map_httpcore_exceptions
    yield
  File "/usr/local/lib/python3.14/site-packages/httpx/_transports/default.py", line 250, in handle_request
    resp = self._pool.handle_request(req)
  File "/usr/local/lib/python3.14/site-packages/httpcore/_sync/connection_pool.py", line 256, in handle_request
    raise exc from None
  File "/usr/local/lib/python3.14/site-packages/httpcore/_sync/connection_pool.py", line 236, in handle_request
    response = connection.handle_request(
        pool_request.request
    )
  File "/usr/local/lib/python3.14/site-packages/httpcore/_sync/connection.py", line 101, in handle_request
    raise exc
  File "/usr/local/lib/python3.14/site-packages/httpcore/_sync/connection.py", line 78, in handle_request
    stream = self._connect(request)
  File "/usr/local/lib/python3.14/site-packages/httpcore/_sync/connection.py", line 124, in _connect
    stream = self._network_backend.connect_tcp(**kwargs)
  File "/usr/local/lib/python3.14/site-packages/httpcore/_backends/sync.py", line 207, in connect_tcp
    with map_exceptions(exc_map):
         ~~~~~~~~~~~~~~^^^^^^^^^
  File "/usr/local/lib/python3.14/contextlib.py", line 162, in __exit__
    self.gen.throw(value)
    ~~~~~~~~~~~~~~^^^^^^^
  File "/usr/local/lib/python3.14/site-packages/httpcore/_exceptions.py", line 14, in map_exceptions
    raise to_exc(exc) from exc
httpcore.ConnectError: [Errno -2] Name or service not known

The above exception was the direct cause of the following exception:

Traceback (most recent call last):
  File "/app/nse_scraper/db/backends.py", line 133, in upsert_stockanalysis_stock
    self.client.table(self.stockanalysis_table).upsert(payload, on_conflict="ticker_symbol").execute()
    ~~~~~~~~~~~~~~~~~~~~~~~~~~~~~~~~~~~~~~~~~~~~~~~~~~~~~~~~~~~~~~~~~~~~~~~~~~~~~~~~~~~~~~~~~~~~~~~~^^
  File "/usr/local/lib/python3.14/site-packages/postgrest/_sync/request_builder.py", line 90, in execute
    r = send_with_retry(self.request)
  File "/usr/local/lib/python3.14/site-packages/postgrest/_sync/request_builder.py", line 51, in send_with_retry
    resp = req.send(headers)
  File "/usr/local/lib/python3.14/site-packages/postgrest/base_request_builder.py", line 90, in send
    return self.session.request(
           ~~~~~~~~~~~~~~~~~~~~^
        self.http_method,
        ^^^^^^^^^^^^^^^^^
    ...<4 lines>...
        auth=self.auth,
        ^^^^^^^^^^^^^^^
    )
    ^
  File "/usr/local/lib/python3.14/site-packages/httpx/_client.py", line 825, in request
    return self.send(request, auth=auth, follow_redirects=follow_redirects)
           ~~~~~~~~~^^^^^^^^^^^^^^^^^^^^^^^^^^^^^^^^^^^^^^^^^^^^^^^^^^^^^^^
  File "/usr/local/lib/python3.14/site-packages/httpx/_client.py", line 914, in send
    response = self._send_handling_auth(
        request,
    ...<2 lines>...
        history=[],
    )
  File "/usr/local/lib/python3.14/site-packages/httpx/_client.py", line 942, in _send_handling_auth
    response = self._send_handling_redirects(
        request,
        follow_redirects=follow_redirects,
        history=history,
    )
  File "/usr/local/lib/python3.14/site-packages/httpx/_client.py", line 979, in _send_handling_redirects
    response = self._send_single_request(request)
  File "/usr/local/lib/python3.14/site-packages/httpx/_client.py", line 1014, in _send_single_request
    response = transport.handle_request(request)
  File "/usr/local/lib/python3.14/site-packages/httpx/_transports/default.py", line 249, in handle_request
    with map_httpcore_exceptions():
         ~~~~~~~~~~~~~~~~~~~~~~~^^
  File "/usr/local/lib/python3.14/contextlib.py", line 162, in __exit__
    self.gen.throw(value)
    ~~~~~~~~~~~~~~^^^^^^^
  File "/usr/local/lib/python3.14/site-packages/httpx/_transports/default.py", line 118, in map_httpcore_exceptions
    raise mapped_exc(message) from exc
httpx.ConnectError: [Errno -2] Name or service not known
2026-07-26 18:25:53 [nse_scraper.db.backends] ERROR: Supabase upsert_stockanalysis_stock failed; writing local fallback
Traceback (most recent call last):
  File "/usr/local/lib/python3.14/site-packages/httpx/_transports/default.py", line 101, in map_httpcore_exceptions
    yield
  File "/usr/local/lib/python3.14/site-packages/httpx/_transports/default.py", line 250, in handle_request
    resp = self._pool.handle_request(req)
  File "/usr/local/lib/python3.14/site-packages/httpcore/_sync/connection_pool.py", line 256, in handle_request
    raise exc from None
  File "/usr/local/lib/python3.14/site-packages/httpcore/_sync/connection_pool.py", line 236, in handle_request
    response = connection.handle_request(
        pool_request.request
    )
  File "/usr/local/lib/python3.14/site-packages/httpcore/_sync/connection.py", line 101, in handle_request
    raise exc
  File "/usr/local/lib/python3.14/site-packages/httpcore/_sync/connection.py", line 78, in handle_request
    stream = self._connect(request)
  File "/usr/local/lib/python3.14/site-packages/httpcore/_sync/connection.py", line 124, in _connect
    stream = self._network_backend.connect_tcp(**kwargs)
  File "/usr/local/lib/python3.14/site-packages/httpcore/_backends/sync.py", line 207, in connect_tcp
    with map_exceptions(exc_map):
         ~~~~~~~~~~~~~~^^^^^^^^^
  File "/usr/local/lib/python3.14/contextlib.py", line 162, in __exit__
    self.gen.throw(value)
    ~~~~~~~~~~~~~~^^^^^^^
  File "/usr/local/lib/python3.14/site-packages/httpcore/_exceptions.py", line 14, in map_exceptions
    raise to_exc(exc) from exc
httpcore.ConnectError: [Errno -2] Name or service not known

The above exception was the direct cause of the following exception:

Traceback (most recent call last):
  File "/app/nse_scraper/db/backends.py", line 133, in upsert_stockanalysis_stock
    self.client.table(self.stockanalysis_table).upsert(payload, on_conflict="ticker_symbol").execute()
    ~~~~~~~~~~~~~~~~~~~~~~~~~~~~~~~~~~~~~~~~~~~~~~~~~~~~~~~~~~~~~~~~~~~~~~~~~~~~~~~~~~~~~~~~~~~~~~~~^^
  File "/usr/local/lib/python3.14/site-packages/postgrest/_sync/request_builder.py", line 90, in execute
    r = send_with_retry(self.request)
  File "/usr/local/lib/python3.14/site-packages/postgrest/_sync/request_builder.py", line 51, in send_with_retry
    resp = req.send(headers)
  File "/usr/local/lib/python3.14/site-packages/postgrest/base_request_builder.py", line 90, in send
    return self.session.request(
           ~~~~~~~~~~~~~~~~~~~~^
        self.http_method,
        ^^^^^^^^^^^^^^^^^
    ...<4 lines>...
        auth=self.auth,
        ^^^^^^^^^^^^^^^
    )
    ^
  File "/usr/local/lib/python3.14/site-packages/httpx/_client.py", line 825, in request
    return self.send(request, auth=auth, follow_redirects=follow_redirects)
           ~~~~~~~~~^^^^^^^^^^^^^^^^^^^^^^^^^^^^^^^^^^^^^^^^^^^^^^^^^^^^^^^
  File "/usr/local/lib/python3.14/site-packages/httpx/_client.py", line 914, in send
    response = self._send_handling_auth(
        request,
    ...<2 lines>...
        history=[],
    )
  File "/usr/local/lib/python3.14/site-packages/httpx/_client.py", line 942, in _send_handling_auth
    response = self._send_handling_redirects(
        request,
        follow_redirects=follow_redirects,
        history=history,
    )
  File "/usr/local/lib/python3.14/site-packages/httpx/_client.py", line 979, in _send_handling_redirects
    response = self._send_single_request(request)
  File "/usr/local/lib/python3.14/site-packages/httpx/_client.py", line 1014, in _send_single_request
    response = transport.handle_request(request)
  File "/usr/local/lib/python3.14/site-packages/httpx/_transports/default.py", line 249, in handle_request
    with map_httpcore_exceptions():
         ~~~~~~~~~~~~~~~~~~~~~~~^^
  File "/usr/local/lib/python3.14/contextlib.py", line 162, in __exit__
    self.gen.throw(value)
    ~~~~~~~~~~~~~~^^^^^^^
  File "/usr/local/lib/python3.14/site-packages/httpx/_transports/default.py", line 118, in map_httpcore_exceptions
    raise mapped_exc(message) from exc
httpx.ConnectError: [Errno -2] Name or service not known
2026-07-26 18:25:53 [nse_scraper.db.backends] ERROR: Supabase upsert_stockanalysis_stock failed; writing local fallback
Traceback (most recent call last):
  File "/usr/local/lib/python3.14/site-packages/httpx/_transports/default.py", line 101, in map_httpcore_exceptions
    yield
  File "/usr/local/lib/python3.14/site-packages/httpx/_transports/default.py", line 250, in handle_request
    resp = self._pool.handle_request(req)
  File "/usr/local/lib/python3.14/site-packages/httpcore/_sync/connection_pool.py", line 256, in handle_request
    raise exc from None
  File "/usr/local/lib/python3.14/site-packages/httpcore/_sync/connection_pool.py", line 236, in handle_request
    response = connection.handle_request(
        pool_request.request
    )
  File "/usr/local/lib/python3.14/site-packages/httpcore/_sync/connection.py", line 101, in handle_request
    raise exc
  File "/usr/local/lib/python3.14/site-packages/httpcore/_sync/connection.py", line 78, in handle_request
    stream = self._connect(request)
  File "/usr/local/lib/python3.14/site-packages/httpcore/_sync/connection.py", line 124, in _connect
    stream = self._network_backend.connect_tcp(**kwargs)
  File "/usr/local/lib/python3.14/site-packages/httpcore/_backends/sync.py", line 207, in connect_tcp
    with map_exceptions(exc_map):
         ~~~~~~~~~~~~~~^^^^^^^^^
  File "/usr/local/lib/python3.14/contextlib.py", line 162, in __exit__
    self.gen.throw(value)
    ~~~~~~~~~~~~~~^^^^^^^
  File "/usr/local/lib/python3.14/site-packages/httpcore/_exceptions.py", line 14, in map_exceptions
    raise to_exc(exc) from exc
httpcore.ConnectError: [Errno -2] Name or service not known

The above exception was the direct cause of the following exception:

Traceback (most recent call last):
  File "/app/nse_scraper/db/backends.py", line 133, in upsert_stockanalysis_stock
    self.client.table(self.stockanalysis_table).upsert(payload, on_conflict="ticker_symbol").execute()
    ~~~~~~~~~~~~~~~~~~~~~~~~~~~~~~~~~~~~~~~~~~~~~~~~~~~~~~~~~~~~~~~~~~~~~~~~~~~~~~~~~~~~~~~~~~~~~~~~^^
  File "/usr/local/lib/python3.14/site-packages/postgrest/_sync/request_builder.py", line 90, in execute
    r = send_with_retry(self.request)
  File "/usr/local/lib/python3.14/site-packages/postgrest/_sync/request_builder.py", line 51, in send_with_retry
    resp = req.send(headers)
  File "/usr/local/lib/python3.14/site-packages/postgrest/base_request_builder.py", line 90, in send
    return self.session.request(
           ~~~~~~~~~~~~~~~~~~~~^
        self.http_method,
        ^^^^^^^^^^^^^^^^^
    ...<4 lines>...
        auth=self.auth,
        ^^^^^^^^^^^^^^^
    )
    ^
  File "/usr/local/lib/python3.14/site-packages/httpx/_client.py", line 825, in request
    return self.send(request, auth=auth, follow_redirects=follow_redirects)
           ~~~~~~~~~^^^^^^^^^^^^^^^^^^^^^^^^^^^^^^^^^^^^^^^^^^^^^^^^^^^^^^^
  File "/usr/local/lib/python3.14/site-packages/httpx/_client.py", line 914, in send
    response = self._send_handling_auth(
        request,
    ...<2 lines>...
        history=[],
    )
  File "/usr/local/lib/python3.14/site-packages/httpx/_client.py", line 942, in _send_handling_auth
    response = self._send_handling_redirects(
        request,
        follow_redirects=follow_redirects,
        history=history,
    )
  File "/usr/local/lib/python3.14/site-packages/httpx/_client.py", line 979, in _send_handling_redirects
    response = self._send_single_request(request)
  File "/usr/local/lib/python3.14/site-packages/httpx/_client.py", line 1014, in _send_single_request
    response = transport.handle_request(request)
  File "/usr/local/lib/python3.14/site-packages/httpx/_transports/default.py", line 249, in handle_request
    with map_httpcore_exceptions():
         ~~~~~~~~~~~~~~~~~~~~~~~^^
  File "/usr/local/lib/python3.14/contextlib.py", line 162, in __exit__
    self.gen.throw(value)
    ~~~~~~~~~~~~~~^^^^^^^
  File "/usr/local/lib/python3.14/site-packages/httpx/_transports/default.py", line 118, in map_httpcore_exceptions
    raise mapped_exc(message) from exc
httpx.ConnectError: [Errno -2] Name or service not known
2026-07-26 18:25:53 [nse_scraper.db.backends] ERROR: Supabase upsert_stockanalysis_stock failed; writing local fallback
Traceback (most recent call last):
  File "/usr/local/lib/python3.14/site-packages/httpx/_transports/default.py", line 101, in map_httpcore_exceptions
    yield
  File "/usr/local/lib/python3.14/site-packages/httpx/_transports/default.py", line 250, in handle_request
    resp = self._pool.handle_request(req)
  File "/usr/local/lib/python3.14/site-packages/httpcore/_sync/connection_pool.py", line 256, in handle_request
    raise exc from None
  File "/usr/local/lib/python3.14/site-packages/httpcore/_sync/connection_pool.py", line 236, in handle_request
    response = connection.handle_request(
        pool_request.request
    )
  File "/usr/local/lib/python3.14/site-packages/httpcore/_sync/connection.py", line 101, in handle_request
    raise exc
  File "/usr/local/lib/python3.14/site-packages/httpcore/_sync/connection.py", line 78, in handle_request
    stream = self._connect(request)
  File "/usr/local/lib/python3.14/site-packages/httpcore/_sync/connection.py", line 124, in _connect
    stream = self._network_backend.connect_tcp(**kwargs)
  File "/usr/local/lib/python3.14/site-packages/httpcore/_backends/sync.py", line 207, in connect_tcp
    with map_exceptions(exc_map):
         ~~~~~~~~~~~~~~^^^^^^^^^
  File "/usr/local/lib/python3.14/contextlib.py", line 162, in __exit__
    self.gen.throw(value)
    ~~~~~~~~~~~~~~^^^^^^^
  File "/usr/local/lib/python3.14/site-packages/httpcore/_exceptions.py", line 14, in map_exceptions
    raise to_exc(exc) from exc
httpcore.ConnectError: [Errno -2] Name or service not known

The above exception was the direct cause of the following exception:

Traceback (most recent call last):
  File "/app/nse_scraper/db/backends.py", line 133, in upsert_stockanalysis_stock
    self.client.table(self.stockanalysis_table).upsert(payload, on_conflict="ticker_symbol").execute()
    ~~~~~~~~~~~~~~~~~~~~~~~~~~~~~~~~~~~~~~~~~~~~~~~~~~~~~~~~~~~~~~~~~~~~~~~~~~~~~~~~~~~~~~~~~~~~~~~~^^
  File "/usr/local/lib/python3.14/site-packages/postgrest/_sync/request_builder.py", line 90, in execute
    r = send_with_retry(self.request)
  File "/usr/local/lib/python3.14/site-packages/postgrest/_sync/request_builder.py", line 51, in send_with_retry
    resp = req.send(headers)
  File "/usr/local/lib/python3.14/site-packages/postgrest/base_request_builder.py", line 90, in send
    return self.session.request(
           ~~~~~~~~~~~~~~~~~~~~^
        self.http_method,
        ^^^^^^^^^^^^^^^^^
    ...<4 lines>...
        auth=self.auth,
        ^^^^^^^^^^^^^^^
    )
    ^
  File "/usr/local/lib/python3.14/site-packages/httpx/_client.py", line 825, in request
    return self.send(request, auth=auth, follow_redirects=follow_redirects)
           ~~~~~~~~~^^^^^^^^^^^^^^^^^^^^^^^^^^^^^^^^^^^^^^^^^^^^^^^^^^^^^^^
  File "/usr/local/lib/python3.14/site-packages/httpx/_client.py", line 914, in send
    response = self._send_handling_auth(
        request,
    ...<2 lines>...
        history=[],
    )
  File "/usr/local/lib/python3.14/site-packages/httpx/_client.py", line 942, in _send_handling_auth
    response = self._send_handling_redirects(
        request,
        follow_redirects=follow_redirects,
        history=history,
    )
  File "/usr/local/lib/python3.14/site-packages/httpx/_client.py", line 979, in _send_handling_redirects
    response = self._send_single_request(request)
  File "/usr/local/lib/python3.14/site-packages/httpx/_client.py", line 1014, in _send_single_request
    response = transport.handle_request(request)
  File "/usr/local/lib/python3.14/site-packages/httpx/_transports/default.py", line 249, in handle_request
    with map_httpcore_exceptions():
         ~~~~~~~~~~~~~~~~~~~~~~~^^
  File "/usr/local/lib/python3.14/contextlib.py", line 162, in __exit__
    self.gen.throw(value)
    ~~~~~~~~~~~~~~^^^^^^^
  File "/usr/local/lib/python3.14/site-packages/httpx/_transports/default.py", line 118, in map_httpcore_exceptions
    raise mapped_exc(message) from exc
httpx.ConnectError: [Errno -2] Name or service not known
2026-07-26 18:25:53 [nse_scraper.db.backends] ERROR: Supabase upsert_stockanalysis_stock failed; writing local fallback
Traceback (most recent call last):
  File "/usr/local/lib/python3.14/site-packages/httpx/_transports/default.py", line 101, in map_httpcore_exceptions
    yield
  File "/usr/local/lib/python3.14/site-packages/httpx/_transports/default.py", line 250, in handle_request
    resp = self._pool.handle_request(req)
  File "/usr/local/lib/python3.14/site-packages/httpcore/_sync/connection_pool.py", line 256, in handle_request
    raise exc from None
  File "/usr/local/lib/python3.14/site-packages/httpcore/_sync/connection_pool.py", line 236, in handle_request
    response = connection.handle_request(
        pool_request.request
    )
  File "/usr/local/lib/python3.14/site-packages/httpcore/_sync/connection.py", line 101, in handle_request
    raise exc
  File "/usr/local/lib/python3.14/site-packages/httpcore/_sync/connection.py", line 78, in handle_request
    stream = self._connect(request)
  File "/usr/local/lib/python3.14/site-packages/httpcore/_sync/connection.py", line 124, in _connect
    stream = self._network_backend.connect_tcp(**kwargs)
  File "/usr/local/lib/python3.14/site-packages/httpcore/_backends/sync.py", line 207, in connect_tcp
    with map_exceptions(exc_map):
         ~~~~~~~~~~~~~~^^^^^^^^^
  File "/usr/local/lib/python3.14/contextlib.py", line 162, in __exit__
    self.gen.throw(value)
    ~~~~~~~~~~~~~~^^^^^^^
  File "/usr/local/lib/python3.14/site-packages/httpcore/_exceptions.py", line 14, in map_exceptions
    raise to_exc(exc) from exc
httpcore.ConnectError: [Errno -2] Name or service not known

The above exception was the direct cause of the following exception:

Traceback (most recent call last):
  File "/app/nse_scraper/db/backends.py", line 133, in upsert_stockanalysis_stock
    self.client.table(self.stockanalysis_table).upsert(payload, on_conflict="ticker_symbol").execute()
    ~~~~~~~~~~~~~~~~~~~~~~~~~~~~~~~~~~~~~~~~~~~~~~~~~~~~~~~~~~~~~~~~~~~~~~~~~~~~~~~~~~~~~~~~~~~~~~~~^^
  File "/usr/local/lib/python3.14/site-packages/postgrest/_sync/request_builder.py", line 90, in execute
    r = send_with_retry(self.request)
  File "/usr/local/lib/python3.14/site-packages/postgrest/_sync/request_builder.py", line 51, in send_with_retry
    resp = req.send(headers)
  File "/usr/local/lib/python3.14/site-packages/postgrest/base_request_builder.py", line 90, in send
    return self.session.request(
           ~~~~~~~~~~~~~~~~~~~~^
        self.http_method,
        ^^^^^^^^^^^^^^^^^
    ...<4 lines>...
        auth=self.auth,
        ^^^^^^^^^^^^^^^
    )
    ^
  File "/usr/local/lib/python3.14/site-packages/httpx/_client.py", line 825, in request
    return self.send(request, auth=auth, follow_redirects=follow_redirects)
           ~~~~~~~~~^^^^^^^^^^^^^^^^^^^^^^^^^^^^^^^^^^^^^^^^^^^^^^^^^^^^^^^
  File "/usr/local/lib/python3.14/site-packages/httpx/_client.py", line 914, in send
    response = self._send_handling_auth(
        request,
    ...<2 lines>...
        history=[],
    )
  File "/usr/local/lib/python3.14/site-packages/httpx/_client.py", line 942, in _send_handling_auth
    response = self._send_handling_redirects(
        request,
        follow_redirects=follow_redirects,
        history=history,
    )
  File "/usr/local/lib/python3.14/site-packages/httpx/_client.py", line 979, in _send_handling_redirects
    response = self._send_single_request(request)
  File "/usr/local/lib/python3.14/site-packages/httpx/_client.py", line 1014, in _send_single_request
    response = transport.handle_request(request)
  File "/usr/local/lib/python3.14/site-packages/httpx/_transports/default.py", line 249, in handle_request
    with map_httpcore_exceptions():
         ~~~~~~~~~~~~~~~~~~~~~~~^^
  File "/usr/local/lib/python3.14/contextlib.py", line 162, in __exit__
    self.gen.throw(value)
    ~~~~~~~~~~~~~~^^^^^^^
  File "/usr/local/lib/python3.14/site-packages/httpx/_transports/default.py", line 118, in map_httpcore_exceptions
    raise mapped_exc(message) from exc
httpx.ConnectError: [Errno -2] Name or service not known
2026-07-26 18:25:53 [nse_scraper.db.backends] ERROR: Supabase upsert_stockanalysis_stock failed; writing local fallback
Traceback (most recent call last):
  File "/usr/local/lib/python3.14/site-packages/httpx/_transports/default.py", line 101, in map_httpcore_exceptions
    yield
  File "/usr/local/lib/python3.14/site-packages/httpx/_transports/default.py", line 250, in handle_request
    resp = self._pool.handle_request(req)
  File "/usr/local/lib/python3.14/site-packages/httpcore/_sync/connection_pool.py", line 256, in handle_request
    raise exc from None
  File "/usr/local/lib/python3.14/site-packages/httpcore/_sync/connection_pool.py", line 236, in handle_request
    response = connection.handle_request(
        pool_request.request
    )
  File "/usr/local/lib/python3.14/site-packages/httpcore/_sync/connection.py", line 101, in handle_request
    raise exc
  File "/usr/local/lib/python3.14/site-packages/httpcore/_sync/connection.py", line 78, in handle_request
    stream = self._connect(request)
  File "/usr/local/lib/python3.14/site-packages/httpcore/_sync/connection.py", line 124, in _connect
    stream = self._network_backend.connect_tcp(**kwargs)
  File "/usr/local/lib/python3.14/site-packages/httpcore/_backends/sync.py", line 207, in connect_tcp
    with map_exceptions(exc_map):
         ~~~~~~~~~~~~~~^^^^^^^^^
  File "/usr/local/lib/python3.14/contextlib.py", line 162, in __exit__
    self.gen.throw(value)
    ~~~~~~~~~~~~~~^^^^^^^
  File "/usr/local/lib/python3.14/site-packages/httpcore/_exceptions.py", line 14, in map_exceptions
    raise to_exc(exc) from exc
httpcore.ConnectError: [Errno -2] Name or service not known

The above exception was the direct cause of the following exception:

Traceback (most recent call last):
  File "/app/nse_scraper/db/backends.py", line 133, in upsert_stockanalysis_stock
    self.client.table(self.stockanalysis_table).upsert(payload, on_conflict="ticker_symbol").execute()
    ~~~~~~~~~~~~~~~~~~~~~~~~~~~~~~~~~~~~~~~~~~~~~~~~~~~~~~~~~~~~~~~~~~~~~~~~~~~~~~~~~~~~~~~~~~~~~~~~^^
  File "/usr/local/lib/python3.14/site-packages/postgrest/_sync/request_builder.py", line 90, in execute
    r = send_with_retry(self.request)
  File "/usr/local/lib/python3.14/site-packages/postgrest/_sync/request_builder.py", line 51, in send_with_retry
    resp = req.send(headers)
  File "/usr/local/lib/python3.14/site-packages/postgrest/base_request_builder.py", line 90, in send
    return self.session.request(
           ~~~~~~~~~~~~~~~~~~~~^
        self.http_method,
        ^^^^^^^^^^^^^^^^^
    ...<4 lines>...
        auth=self.auth,
        ^^^^^^^^^^^^^^^
    )
    ^
  File "/usr/local/lib/python3.14/site-packages/httpx/_client.py", line 825, in request
    return self.send(request, auth=auth, follow_redirects=follow_redirects)
           ~~~~~~~~~^^^^^^^^^^^^^^^^^^^^^^^^^^^^^^^^^^^^^^^^^^^^^^^^^^^^^^^
  File "/usr/local/lib/python3.14/site-packages/httpx/_client.py", line 914, in send
    response = self._send_handling_auth(
        request,
    ...<2 lines>...
        history=[],
    )
  File "/usr/local/lib/python3.14/site-packages/httpx/_client.py", line 942, in _send_handling_auth
    response = self._send_handling_redirects(
        request,
        follow_redirects=follow_redirects,
        history=history,
    )
  File "/usr/local/lib/python3.14/site-packages/httpx/_client.py", line 979, in _send_handling_redirects
    response = self._send_single_request(request)
  File "/usr/local/lib/python3.14/site-packages/httpx/_client.py", line 1014, in _send_single_request
    response = transport.handle_request(request)
  File "/usr/local/lib/python3.14/site-packages/httpx/_transports/default.py", line 249, in handle_request
    with map_httpcore_exceptions():
         ~~~~~~~~~~~~~~~~~~~~~~~^^
  File "/usr/local/lib/python3.14/contextlib.py", line 162, in __exit__
    self.gen.throw(value)
    ~~~~~~~~~~~~~~^^^^^^^
  File "/usr/local/lib/python3.14/site-packages/httpx/_transports/default.py", line 118, in map_httpcore_exceptions
    raise mapped_exc(message) from exc
httpx.ConnectError: [Errno -2] Name or service not known
2026-07-26 18:25:53 [nse_scraper.db.backends] ERROR: Supabase upsert_stockanalysis_stock failed; writing local fallback
Traceback (most recent call last):
  File "/usr/local/lib/python3.14/site-packages/httpx/_transports/default.py", line 101, in map_httpcore_exceptions
    yield
  File "/usr/local/lib/python3.14/site-packages/httpx/_transports/default.py", line 250, in handle_request
    resp = self._pool.handle_request(req)
  File "/usr/local/lib/python3.14/site-packages/httpcore/_sync/connection_pool.py", line 256, in handle_request
    raise exc from None
  File "/usr/local/lib/python3.14/site-packages/httpcore/_sync/connection_pool.py", line 236, in handle_request
    response = connection.handle_request(
        pool_request.request
    )
  File "/usr/local/lib/python3.14/site-packages/httpcore/_sync/connection.py", line 101, in handle_request
    raise exc
  File "/usr/local/lib/python3.14/site-packages/httpcore/_sync/connection.py", line 78, in handle_request
    stream = self._connect(request)
  File "/usr/local/lib/python3.14/site-packages/httpcore/_sync/connection.py", line 124, in _connect
    stream = self._network_backend.connect_tcp(**kwargs)
  File "/usr/local/lib/python3.14/site-packages/httpcore/_backends/sync.py", line 207, in connect_tcp
    with map_exceptions(exc_map):
         ~~~~~~~~~~~~~~^^^^^^^^^
  File "/usr/local/lib/python3.14/contextlib.py", line 162, in __exit__
    self.gen.throw(value)
    ~~~~~~~~~~~~~~^^^^^^^
  File "/usr/local/lib/python3.14/site-packages/httpcore/_exceptions.py", line 14, in map_exceptions
    raise to_exc(exc) from exc
httpcore.ConnectError: [Errno -2] Name or service not known

The above exception was the direct cause of the following exception:

Traceback (most recent call last):
  File "/app/nse_scraper/db/backends.py", line 133, in upsert_stockanalysis_stock
    self.client.table(self.stockanalysis_table).upsert(payload, on_conflict="ticker_symbol").execute()
    ~~~~~~~~~~~~~~~~~~~~~~~~~~~~~~~~~~~~~~~~~~~~~~~~~~~~~~~~~~~~~~~~~~~~~~~~~~~~~~~~~~~~~~~~~~~~~~~~^^
  File "/usr/local/lib/python3.14/site-packages/postgrest/_sync/request_builder.py", line 90, in execute
    r = send_with_retry(self.request)
  File "/usr/local/lib/python3.14/site-packages/postgrest/_sync/request_builder.py", line 51, in send_with_retry
    resp = req.send(headers)
  File "/usr/local/lib/python3.14/site-packages/postgrest/base_request_builder.py", line 90, in send
    return self.session.request(
           ~~~~~~~~~~~~~~~~~~~~^
        self.http_method,
        ^^^^^^^^^^^^^^^^^
    ...<4 lines>...
        auth=self.auth,
        ^^^^^^^^^^^^^^^
    )
    ^
  File "/usr/local/lib/python3.14/site-packages/httpx/_client.py", line 825, in request
    return self.send(request, auth=auth, follow_redirects=follow_redirects)
           ~~~~~~~~~^^^^^^^^^^^^^^^^^^^^^^^^^^^^^^^^^^^^^^^^^^^^^^^^^^^^^^^
  File "/usr/local/lib/python3.14/site-packages/httpx/_client.py", line 914, in send
    response = self._send_handling_auth(
        request,
    ...<2 lines>...
        history=[],
    )
  File "/usr/local/lib/python3.14/site-packages/httpx/_client.py", line 942, in _send_handling_auth
    response = self._send_handling_redirects(
        request,
        follow_redirects=follow_redirects,
        history=history,
    )
  File "/usr/local/lib/python3.14/site-packages/httpx/_client.py", line 979, in _send_handling_redirects
    response = self._send_single_request(request)
  File "/usr/local/lib/python3.14/site-packages/httpx/_client.py", line 1014, in _send_single_request
    response = transport.handle_request(request)
  File "/usr/local/lib/python3.14/site-packages/httpx/_transports/default.py", line 249, in handle_request
    with map_httpcore_exceptions():
         ~~~~~~~~~~~~~~~~~~~~~~~^^
  File "/usr/local/lib/python3.14/contextlib.py", line 162, in __exit__
    self.gen.throw(value)
    ~~~~~~~~~~~~~~^^^^^^^
  File "/usr/local/lib/python3.14/site-packages/httpx/_transports/default.py", line 118, in map_httpcore_exceptions
    raise mapped_exc(message) from exc
httpx.ConnectError: [Errno -2] Name or service not known
2026-07-26 18:25:53 [nse_scraper.db.backends] ERROR: Supabase upsert_stockanalysis_stock failed; writing local fallback
Traceback (most recent call last):
  File "/usr/local/lib/python3.14/site-packages/httpx/_transports/default.py", line 101, in map_httpcore_exceptions
    yield
  File "/usr/local/lib/python3.14/site-packages/httpx/_transports/default.py", line 250, in handle_request
    resp = self._pool.handle_request(req)
  File "/usr/local/lib/python3.14/site-packages/httpcore/_sync/connection_pool.py", line 256, in handle_request
    raise exc from None
  File "/usr/local/lib/python3.14/site-packages/httpcore/_sync/connection_pool.py", line 236, in handle_request
    response = connection.handle_request(
        pool_request.request
    )
  File "/usr/local/lib/python3.14/site-packages/httpcore/_sync/connection.py", line 101, in handle_request
    raise exc
  File "/usr/local/lib/python3.14/site-packages/httpcore/_sync/connection.py", line 78, in handle_request
    stream = self._connect(request)
  File "/usr/local/lib/python3.14/site-packages/httpcore/_sync/connection.py", line 124, in _connect
    stream = self._network_backend.connect_tcp(**kwargs)
  File "/usr/local/lib/python3.14/site-packages/httpcore/_backends/sync.py", line 207, in connect_tcp
    with map_exceptions(exc_map):
         ~~~~~~~~~~~~~~^^^^^^^^^
  File "/usr/local/lib/python3.14/contextlib.py", line 162, in __exit__
    self.gen.throw(value)
    ~~~~~~~~~~~~~~^^^^^^^
  File "/usr/local/lib/python3.14/site-packages/httpcore/_exceptions.py", line 14, in map_exceptions
    raise to_exc(exc) from exc
httpcore.ConnectError: [Errno -2] Name or service not known

The above exception was the direct cause of the following exception:

Traceback (most recent call last):
  File "/app/nse_scraper/db/backends.py", line 133, in upsert_stockanalysis_stock
    self.client.table(self.stockanalysis_table).upsert(payload, on_conflict="ticker_symbol").execute()
    ~~~~~~~~~~~~~~~~~~~~~~~~~~~~~~~~~~~~~~~~~~~~~~~~~~~~~~~~~~~~~~~~~~~~~~~~~~~~~~~~~~~~~~~~~~~~~~~~^^
  File "/usr/local/lib/python3.14/site-packages/postgrest/_sync/request_builder.py", line 90, in execute
    r = send_with_retry(self.request)
  File "/usr/local/lib/python3.14/site-packages/postgrest/_sync/request_builder.py", line 51, in send_with_retry
    resp = req.send(headers)
  File "/usr/local/lib/python3.14/site-packages/postgrest/base_request_builder.py", line 90, in send
    return self.session.request(
           ~~~~~~~~~~~~~~~~~~~~^
        self.http_method,
        ^^^^^^^^^^^^^^^^^
    ...<4 lines>...
        auth=self.auth,
        ^^^^^^^^^^^^^^^
    )
    ^
  File "/usr/local/lib/python3.14/site-packages/httpx/_client.py", line 825, in request
    return self.send(request, auth=auth, follow_redirects=follow_redirects)
           ~~~~~~~~~^^^^^^^^^^^^^^^^^^^^^^^^^^^^^^^^^^^^^^^^^^^^^^^^^^^^^^^
  File "/usr/local/lib/python3.14/site-packages/httpx/_client.py", line 914, in send
    response = self._send_handling_auth(
        request,
    ...<2 lines>...
        history=[],
    )
  File "/usr/local/lib/python3.14/site-packages/httpx/_client.py", line 942, in _send_handling_auth
    response = self._send_handling_redirects(
        request,
        follow_redirects=follow_redirects,
        history=history,
    )
  File "/usr/local/lib/python3.14/site-packages/httpx/_client.py", line 979, in _send_handling_redirects
    response = self._send_single_request(request)
  File "/usr/local/lib/python3.14/site-packages/httpx/_client.py", line 1014, in _send_single_request
    response = transport.handle_request(request)
  File "/usr/local/lib/python3.14/site-packages/httpx/_transports/default.py", line 249, in handle_request
    with map_httpcore_exceptions():
         ~~~~~~~~~~~~~~~~~~~~~~~^^
  File "/usr/local/lib/python3.14/contextlib.py", line 162, in __exit__
    self.gen.throw(value)
    ~~~~~~~~~~~~~~^^^^^^^
  File "/usr/local/lib/python3.14/site-packages/httpx/_transports/default.py", line 118, in map_httpcore_exceptions
    raise mapped_exc(message) from exc
httpx.ConnectError: [Errno -2] Name or service not known
2026-07-26 18:25:53 [nse_scraper.db.backends] ERROR: Supabase upsert_stockanalysis_stock failed; writing local fallback
Traceback (most recent call last):
  File "/usr/local/lib/python3.14/site-packages/httpx/_transports/default.py", line 101, in map_httpcore_exceptions
    yield
  File "/usr/local/lib/python3.14/site-packages/httpx/_transports/default.py", line 250, in handle_request
    resp = self._pool.handle_request(req)
  File "/usr/local/lib/python3.14/site-packages/httpcore/_sync/connection_pool.py", line 256, in handle_request
    raise exc from None
  File "/usr/local/lib/python3.14/site-packages/httpcore/_sync/connection_pool.py", line 236, in handle_request
    response = connection.handle_request(
        pool_request.request
    )
  File "/usr/local/lib/python3.14/site-packages/httpcore/_sync/connection.py", line 101, in handle_request
    raise exc
  File "/usr/local/lib/python3.14/site-packages/httpcore/_sync/connection.py", line 78, in handle_request
    stream = self._connect(request)
  File "/usr/local/lib/python3.14/site-packages/httpcore/_sync/connection.py", line 124, in _connect
    stream = self._network_backend.connect_tcp(**kwargs)
  File "/usr/local/lib/python3.14/site-packages/httpcore/_backends/sync.py", line 207, in connect_tcp
    with map_exceptions(exc_map):
         ~~~~~~~~~~~~~~^^^^^^^^^
  File "/usr/local/lib/python3.14/contextlib.py", line 162, in __exit__
    self.gen.throw(value)
    ~~~~~~~~~~~~~~^^^^^^^
  File "/usr/local/lib/python3.14/site-packages/httpcore/_exceptions.py", line 14, in map_exceptions
    raise to_exc(exc) from exc
httpcore.ConnectError: [Errno -2] Name or service not known

The above exception was the direct cause of the following exception:

Traceback (most recent call last):
  File "/app/nse_scraper/db/backends.py", line 133, in upsert_stockanalysis_stock
    self.client.table(self.stockanalysis_table).upsert(payload, on_conflict="ticker_symbol").execute()
    ~~~~~~~~~~~~~~~~~~~~~~~~~~~~~~~~~~~~~~~~~~~~~~~~~~~~~~~~~~~~~~~~~~~~~~~~~~~~~~~~~~~~~~~~~~~~~~~~^^
  File "/usr/local/lib/python3.14/site-packages/postgrest/_sync/request_builder.py", line 90, in execute
    r = send_with_retry(self.request)
  File "/usr/local/lib/python3.14/site-packages/postgrest/_sync/request_builder.py", line 51, in send_with_retry
    resp = req.send(headers)
  File "/usr/local/lib/python3.14/site-packages/postgrest/base_request_builder.py", line 90, in send
    return self.session.request(
           ~~~~~~~~~~~~~~~~~~~~^
        self.http_method,
        ^^^^^^^^^^^^^^^^^
    ...<4 lines>...
        auth=self.auth,
        ^^^^^^^^^^^^^^^
    )
    ^
  File "/usr/local/lib/python3.14/site-packages/httpx/_client.py", line 825, in request
    return self.send(request, auth=auth, follow_redirects=follow_redirects)
           ~~~~~~~~~^^^^^^^^^^^^^^^^^^^^^^^^^^^^^^^^^^^^^^^^^^^^^^^^^^^^^^^
  File "/usr/local/lib/python3.14/site-packages/httpx/_client.py", line 914, in send
    response = self._send_handling_auth(
        request,
    ...<2 lines>...
        history=[],
    )
  File "/usr/local/lib/python3.14/site-packages/httpx/_client.py", line 942, in _send_handling_auth
    response = self._send_handling_redirects(
        request,
        follow_redirects=follow_redirects,
        history=history,
    )
  File "/usr/local/lib/python3.14/site-packages/httpx/_client.py", line 979, in _send_handling_redirects
    response = self._send_single_request(request)
  File "/usr/local/lib/python3.14/site-packages/httpx/_client.py", line 1014, in _send_single_request
    response = transport.handle_request(request)
  File "/usr/local/lib/python3.14/site-packages/httpx/_transports/default.py", line 249, in handle_request
    with map_httpcore_exceptions():
         ~~~~~~~~~~~~~~~~~~~~~~~^^
  File "/usr/local/lib/python3.14/contextlib.py", line 162, in __exit__
    self.gen.throw(value)
    ~~~~~~~~~~~~~~^^^^^^^
  File "/usr/local/lib/python3.14/site-packages/httpx/_transports/default.py", line 118, in map_httpcore_exceptions
    raise mapped_exc(message) from exc
httpx.ConnectError: [Errno -2] Name or service not known
2026-07-26 18:25:53 [nse_scraper.db.backends] ERROR: Supabase upsert_stockanalysis_stock failed; writing local fallback
Traceback (most recent call last):
  File "/usr/local/lib/python3.14/site-packages/httpx/_transports/default.py", line 101, in map_httpcore_exceptions
    yield
  File "/usr/local/lib/python3.14/site-packages/httpx/_transports/default.py", line 250, in handle_request
    resp = self._pool.handle_request(req)
  File "/usr/local/lib/python3.14/site-packages/httpcore/_sync/connection_pool.py", line 256, in handle_request
    raise exc from None
  File "/usr/local/lib/python3.14/site-packages/httpcore/_sync/connection_pool.py", line 236, in handle_request
    response = connection.handle_request(
        pool_request.request
    )
  File "/usr/local/lib/python3.14/site-packages/httpcore/_sync/connection.py", line 101, in handle_request
    raise exc
  File "/usr/local/lib/python3.14/site-packages/httpcore/_sync/connection.py", line 78, in handle_request
    stream = self._connect(request)
  File "/usr/local/lib/python3.14/site-packages/httpcore/_sync/connection.py", line 124, in _connect
    stream = self._network_backend.connect_tcp(**kwargs)
  File "/usr/local/lib/python3.14/site-packages/httpcore/_backends/sync.py", line 207, in connect_tcp
    with map_exceptions(exc_map):
         ~~~~~~~~~~~~~~^^^^^^^^^
  File "/usr/local/lib/python3.14/contextlib.py", line 162, in __exit__
    self.gen.throw(value)
    ~~~~~~~~~~~~~~^^^^^^^
  File "/usr/local/lib/python3.14/site-packages/httpcore/_exceptions.py", line 14, in map_exceptions
    raise to_exc(exc) from exc
httpcore.ConnectError: [Errno -2] Name or service not known

The above exception was the direct cause of the following exception:

Traceback (most recent call last):
  File "/app/nse_scraper/db/backends.py", line 133, in upsert_stockanalysis_stock
    self.client.table(self.stockanalysis_table).upsert(payload, on_conflict="ticker_symbol").execute()
    ~~~~~~~~~~~~~~~~~~~~~~~~~~~~~~~~~~~~~~~~~~~~~~~~~~~~~~~~~~~~~~~~~~~~~~~~~~~~~~~~~~~~~~~~~~~~~~~~^^
  File "/usr/local/lib/python3.14/site-packages/postgrest/_sync/request_builder.py", line 90, in execute
    r = send_with_retry(self.request)
  File "/usr/local/lib/python3.14/site-packages/postgrest/_sync/request_builder.py", line 51, in send_with_retry
    resp = req.send(headers)
  File "/usr/local/lib/python3.14/site-packages/postgrest/base_request_builder.py", line 90, in send
    return self.session.request(
           ~~~~~~~~~~~~~~~~~~~~^
        self.http_method,
        ^^^^^^^^^^^^^^^^^
    ...<4 lines>...
        auth=self.auth,
        ^^^^^^^^^^^^^^^
    )
    ^
  File "/usr/local/lib/python3.14/site-packages/httpx/_client.py", line 825, in request
    return self.send(request, auth=auth, follow_redirects=follow_redirects)
           ~~~~~~~~~^^^^^^^^^^^^^^^^^^^^^^^^^^^^^^^^^^^^^^^^^^^^^^^^^^^^^^^
  File "/usr/local/lib/python3.14/site-packages/httpx/_client.py", line 914, in send
    response = self._send_handling_auth(
        request,
    ...<2 lines>...
        history=[],
    )
  File "/usr/local/lib/python3.14/site-packages/httpx/_client.py", line 942, in _send_handling_auth
    response = self._send_handling_redirects(
        request,
        follow_redirects=follow_redirects,
        history=history,
    )
  File "/usr/local/lib/python3.14/site-packages/httpx/_client.py", line 979, in _send_handling_redirects
    response = self._send_single_request(request)
  File "/usr/local/lib/python3.14/site-packages/httpx/_client.py", line 1014, in _send_single_request
    response = transport.handle_request(request)
  File "/usr/local/lib/python3.14/site-packages/httpx/_transports/default.py", line 249, in handle_request
    with map_httpcore_exceptions():
         ~~~~~~~~~~~~~~~~~~~~~~~^^
  File "/usr/local/lib/python3.14/contextlib.py", line 162, in __exit__
    self.gen.throw(value)
    ~~~~~~~~~~~~~~^^^^^^^
  File "/usr/local/lib/python3.14/site-packages/httpx/_transports/default.py", line 118, in map_httpcore_exceptions
    raise mapped_exc(message) from exc
httpx.ConnectError: [Errno -2] Name or service not known
2026-07-26 18:25:54 [nse_scraper.db.backends] ERROR: Supabase upsert_stockanalysis_stock failed; writing local fallback
Traceback (most recent call last):
  File "/usr/local/lib/python3.14/site-packages/httpx/_transports/default.py", line 101, in map_httpcore_exceptions
    yield
  File "/usr/local/lib/python3.14/site-packages/httpx/_transports/default.py", line 250, in handle_request
    resp = self._pool.handle_request(req)
  File "/usr/local/lib/python3.14/site-packages/httpcore/_sync/connection_pool.py", line 256, in handle_request
    raise exc from None
  File "/usr/local/lib/python3.14/site-packages/httpcore/_sync/connection_pool.py", line 236, in handle_request
    response = connection.handle_request(
        pool_request.request
    )
  File "/usr/local/lib/python3.14/site-packages/httpcore/_sync/connection.py", line 101, in handle_request
    raise exc
  File "/usr/local/lib/python3.14/site-packages/httpcore/_sync/connection.py", line 78, in handle_request
    stream = self._connect(request)
  File "/usr/local/lib/python3.14/site-packages/httpcore/_sync/connection.py", line 124, in _connect
    stream = self._network_backend.connect_tcp(**kwargs)
  File "/usr/local/lib/python3.14/site-packages/httpcore/_backends/sync.py", line 207, in connect_tcp
    with map_exceptions(exc_map):
         ~~~~~~~~~~~~~~^^^^^^^^^
  File "/usr/local/lib/python3.14/contextlib.py", line 162, in __exit__
    self.gen.throw(value)
    ~~~~~~~~~~~~~~^^^^^^^
  File "/usr/local/lib/python3.14/site-packages/httpcore/_exceptions.py", line 14, in map_exceptions
    raise to_exc(exc) from exc
httpcore.ConnectError: [Errno -2] Name or service not known

The above exception was the direct cause of the following exception:

Traceback (most recent call last):
  File "/app/nse_scraper/db/backends.py", line 133, in upsert_stockanalysis_stock
    self.client.table(self.stockanalysis_table).upsert(payload, on_conflict="ticker_symbol").execute()
    ~~~~~~~~~~~~~~~~~~~~~~~~~~~~~~~~~~~~~~~~~~~~~~~~~~~~~~~~~~~~~~~~~~~~~~~~~~~~~~~~~~~~~~~~~~~~~~~~^^
  File "/usr/local/lib/python3.14/site-packages/postgrest/_sync/request_builder.py", line 90, in execute
    r = send_with_retry(self.request)
  File "/usr/local/lib/python3.14/site-packages/postgrest/_sync/request_builder.py", line 51, in send_with_retry
    resp = req.send(headers)
  File "/usr/local/lib/python3.14/site-packages/postgrest/base_request_builder.py", line 90, in send
    return self.session.request(
           ~~~~~~~~~~~~~~~~~~~~^
        self.http_method,
        ^^^^^^^^^^^^^^^^^
    ...<4 lines>...
        auth=self.auth,
        ^^^^^^^^^^^^^^^
    )
    ^
  File "/usr/local/lib/python3.14/site-packages/httpx/_client.py", line 825, in request
    return self.send(request, auth=auth, follow_redirects=follow_redirects)
           ~~~~~~~~~^^^^^^^^^^^^^^^^^^^^^^^^^^^^^^^^^^^^^^^^^^^^^^^^^^^^^^^
  File "/usr/local/lib/python3.14/site-packages/httpx/_client.py", line 914, in send
    response = self._send_handling_auth(
        request,
    ...<2 lines>...
        history=[],
    )
  File "/usr/local/lib/python3.14/site-packages/httpx/_client.py", line 942, in _send_handling_auth
    response = self._send_handling_redirects(
        request,
        follow_redirects=follow_redirects,
        history=history,
    )
  File "/usr/local/lib/python3.14/site-packages/httpx/_client.py", line 979, in _send_handling_redirects
    response = self._send_single_request(request)
  File "/usr/local/lib/python3.14/site-packages/httpx/_client.py", line 1014, in _send_single_request
    response = transport.handle_request(request)
  File "/usr/local/lib/python3.14/site-packages/httpx/_transports/default.py", line 249, in handle_request
    with map_httpcore_exceptions():
         ~~~~~~~~~~~~~~~~~~~~~~~^^
  File "/usr/local/lib/python3.14/contextlib.py", line 162, in __exit__
    self.gen.throw(value)
    ~~~~~~~~~~~~~~^^^^^^^
  File "/usr/local/lib/python3.14/site-packages/httpx/_transports/default.py", line 118, in map_httpcore_exceptions
    raise mapped_exc(message) from exc
httpx.ConnectError: [Errno -2] Name or service not known
2026-07-26 18:25:54 [nse_scraper.db.backends] ERROR: Supabase upsert_stockanalysis_stock failed; writing local fallback
Traceback (most recent call last):
  File "/usr/local/lib/python3.14/site-packages/httpx/_transports/default.py", line 101, in map_httpcore_exceptions
    yield
  File "/usr/local/lib/python3.14/site-packages/httpx/_transports/default.py", line 250, in handle_request
    resp = self._pool.handle_request(req)
  File "/usr/local/lib/python3.14/site-packages/httpcore/_sync/connection_pool.py", line 256, in handle_request
    raise exc from None
  File "/usr/local/lib/python3.14/site-packages/httpcore/_sync/connection_pool.py", line 236, in handle_request
    response = connection.handle_request(
        pool_request.request
    )
  File "/usr/local/lib/python3.14/site-packages/httpcore/_sync/connection.py", line 101, in handle_request
    raise exc
  File "/usr/local/lib/python3.14/site-packages/httpcore/_sync/connection.py", line 78, in handle_request
    stream = self._connect(request)
  File "/usr/local/lib/python3.14/site-packages/httpcore/_sync/connection.py", line 124, in _connect
    stream = self._network_backend.connect_tcp(**kwargs)
  File "/usr/local/lib/python3.14/site-packages/httpcore/_backends/sync.py", line 207, in connect_tcp
    with map_exceptions(exc_map):
         ~~~~~~~~~~~~~~^^^^^^^^^
  File "/usr/local/lib/python3.14/contextlib.py", line 162, in __exit__
    self.gen.throw(value)
    ~~~~~~~~~~~~~~^^^^^^^
  File "/usr/local/lib/python3.14/site-packages/httpcore/_exceptions.py", line 14, in map_exceptions
    raise to_exc(exc) from exc
httpcore.ConnectError: [Errno -2] Name or service not known

The above exception was the direct cause of the following exception:

Traceback (most recent call last):
  File "/app/nse_scraper/db/backends.py", line 133, in upsert_stockanalysis_stock
    self.client.table(self.stockanalysis_table).upsert(payload, on_conflict="ticker_symbol").execute()
    ~~~~~~~~~~~~~~~~~~~~~~~~~~~~~~~~~~~~~~~~~~~~~~~~~~~~~~~~~~~~~~~~~~~~~~~~~~~~~~~~~~~~~~~~~~~~~~~~^^
  File "/usr/local/lib/python3.14/site-packages/postgrest/_sync/request_builder.py", line 90, in execute
    r = send_with_retry(self.request)
  File "/usr/local/lib/python3.14/site-packages/postgrest/_sync/request_builder.py", line 51, in send_with_retry
    resp = req.send(headers)
  File "/usr/local/lib/python3.14/site-packages/postgrest/base_request_builder.py", line 90, in send
    return self.session.request(
           ~~~~~~~~~~~~~~~~~~~~^
        self.http_method,
        ^^^^^^^^^^^^^^^^^
    ...<4 lines>...
        auth=self.auth,
        ^^^^^^^^^^^^^^^
    )
    ^
  File "/usr/local/lib/python3.14/site-packages/httpx/_client.py", line 825, in request
    return self.send(request, auth=auth, follow_redirects=follow_redirects)
           ~~~~~~~~~^^^^^^^^^^^^^^^^^^^^^^^^^^^^^^^^^^^^^^^^^^^^^^^^^^^^^^^
  File "/usr/local/lib/python3.14/site-packages/httpx/_client.py", line 914, in send
    response = self._send_handling_auth(
        request,
    ...<2 lines>...
        history=[],
    )
  File "/usr/local/lib/python3.14/site-packages/httpx/_client.py", line 942, in _send_handling_auth
    response = self._send_handling_redirects(
        request,
        follow_redirects=follow_redirects,
        history=history,
    )
  File "/usr/local/lib/python3.14/site-packages/httpx/_client.py", line 979, in _send_handling_redirects
    response = self._send_single_request(request)
  File "/usr/local/lib/python3.14/site-packages/httpx/_client.py", line 1014, in _send_single_request
    response = transport.handle_request(request)
  File "/usr/local/lib/python3.14/site-packages/httpx/_transports/default.py", line 249, in handle_request
    with map_httpcore_exceptions():
         ~~~~~~~~~~~~~~~~~~~~~~~^^
  File "/usr/local/lib/python3.14/contextlib.py", line 162, in __exit__
    self.gen.throw(value)
    ~~~~~~~~~~~~~~^^^^^^^
  File "/usr/local/lib/python3.14/site-packages/httpx/_transports/default.py", line 118, in map_httpcore_exceptions
    raise mapped_exc(message) from exc
httpx.ConnectError: [Errno -2] Name or service not known
2026-07-26 18:25:54 [nse_scraper.db.backends] ERROR: Supabase upsert_stockanalysis_stock failed; writing local fallback
Traceback (most recent call last):
  File "/usr/local/lib/python3.14/site-packages/httpx/_transports/default.py", line 101, in map_httpcore_exceptions
    yield
  File "/usr/local/lib/python3.14/site-packages/httpx/_transports/default.py", line 250, in handle_request
    resp = self._pool.handle_request(req)
  File "/usr/local/lib/python3.14/site-packages/httpcore/_sync/connection_pool.py", line 256, in handle_request
    raise exc from None
  File "/usr/local/lib/python3.14/site-packages/httpcore/_sync/connection_pool.py", line 236, in handle_request
    response = connection.handle_request(
        pool_request.request
    )
  File "/usr/local/lib/python3.14/site-packages/httpcore/_sync/connection.py", line 101, in handle_request
    raise exc
  File "/usr/local/lib/python3.14/site-packages/httpcore/_sync/connection.py", line 78, in handle_request
    stream = self._connect(request)
  File "/usr/local/lib/python3.14/site-packages/httpcore/_sync/connection.py", line 124, in _connect
    stream = self._network_backend.connect_tcp(**kwargs)
  File "/usr/local/lib/python3.14/site-packages/httpcore/_backends/sync.py", line 207, in connect_tcp
    with map_exceptions(exc_map):
         ~~~~~~~~~~~~~~^^^^^^^^^
  File "/usr/local/lib/python3.14/contextlib.py", line 162, in __exit__
    self.gen.throw(value)
    ~~~~~~~~~~~~~~^^^^^^^
  File "/usr/local/lib/python3.14/site-packages/httpcore/_exceptions.py", line 14, in map_exceptions
    raise to_exc(exc) from exc
httpcore.ConnectError: [Errno -2] Name or service not known

The above exception was the direct cause of the following exception:

Traceback (most recent call last):
  File "/app/nse_scraper/db/backends.py", line 133, in upsert_stockanalysis_stock
    self.client.table(self.stockanalysis_table).upsert(payload, on_conflict="ticker_symbol").execute()
    ~~~~~~~~~~~~~~~~~~~~~~~~~~~~~~~~~~~~~~~~~~~~~~~~~~~~~~~~~~~~~~~~~~~~~~~~~~~~~~~~~~~~~~~~~~~~~~~~^^
  File "/usr/local/lib/python3.14/site-packages/postgrest/_sync/request_builder.py", line 90, in execute
    r = send_with_retry(self.request)
  File "/usr/local/lib/python3.14/site-packages/postgrest/_sync/request_builder.py", line 51, in send_with_retry
    resp = req.send(headers)
  File "/usr/local/lib/python3.14/site-packages/postgrest/base_request_builder.py", line 90, in send
    return self.session.request(
           ~~~~~~~~~~~~~~~~~~~~^
        self.http_method,
        ^^^^^^^^^^^^^^^^^
    ...<4 lines>...
        auth=self.auth,
        ^^^^^^^^^^^^^^^
    )
    ^
  File "/usr/local/lib/python3.14/site-packages/httpx/_client.py", line 825, in request
    return self.send(request, auth=auth, follow_redirects=follow_redirects)
           ~~~~~~~~~^^^^^^^^^^^^^^^^^^^^^^^^^^^^^^^^^^^^^^^^^^^^^^^^^^^^^^^
  File "/usr/local/lib/python3.14/site-packages/httpx/_client.py", line 914, in send
    response = self._send_handling_auth(
        request,
    ...<2 lines>...
        history=[],
    )
  File "/usr/local/lib/python3.14/site-packages/httpx/_client.py", line 942, in _send_handling_auth
    response = self._send_handling_redirects(
        request,
        follow_redirects=follow_redirects,
        history=history,
    )
  File "/usr/local/lib/python3.14/site-packages/httpx/_client.py", line 979, in _send_handling_redirects
    response = self._send_single_request(request)
  File "/usr/local/lib/python3.14/site-packages/httpx/_client.py", line 1014, in _send_single_request
    response = transport.handle_request(request)
  File "/usr/local/lib/python3.14/site-packages/httpx/_transports/default.py", line 249, in handle_request
    with map_httpcore_exceptions():
         ~~~~~~~~~~~~~~~~~~~~~~~^^
  File "/usr/local/lib/python3.14/contextlib.py", line 162, in __exit__
    self.gen.throw(value)
    ~~~~~~~~~~~~~~^^^^^^^
  File "/usr/local/lib/python3.14/site-packages/httpx/_transports/default.py", line 118, in map_httpcore_exceptions
    raise mapped_exc(message) from exc
httpx.ConnectError: [Errno -2] Name or service not known
2026-07-26 18:25:54 [nse_scraper.db.backends] ERROR: Supabase upsert_stockanalysis_stock failed; writing local fallback
Traceback (most recent call last):
  File "/usr/local/lib/python3.14/site-packages/httpx/_transports/default.py", line 101, in map_httpcore_exceptions
    yield
  File "/usr/local/lib/python3.14/site-packages/httpx/_transports/default.py", line 250, in handle_request
    resp = self._pool.handle_request(req)
  File "/usr/local/lib/python3.14/site-packages/httpcore/_sync/connection_pool.py", line 256, in handle_request
    raise exc from None
  File "/usr/local/lib/python3.14/site-packages/httpcore/_sync/connection_pool.py", line 236, in handle_request
    response = connection.handle_request(
        pool_request.request
    )
  File "/usr/local/lib/python3.14/site-packages/httpcore/_sync/connection.py", line 101, in handle_request
    raise exc
  File "/usr/local/lib/python3.14/site-packages/httpcore/_sync/connection.py", line 78, in handle_request
    stream = self._connect(request)
  File "/usr/local/lib/python3.14/site-packages/httpcore/_sync/connection.py", line 124, in _connect
    stream = self._network_backend.connect_tcp(**kwargs)
  File "/usr/local/lib/python3.14/site-packages/httpcore/_backends/sync.py", line 207, in connect_tcp
    with map_exceptions(exc_map):
         ~~~~~~~~~~~~~~^^^^^^^^^
  File "/usr/local/lib/python3.14/contextlib.py", line 162, in __exit__
    self.gen.throw(value)
    ~~~~~~~~~~~~~~^^^^^^^
  File "/usr/local/lib/python3.14/site-packages/httpcore/_exceptions.py", line 14, in map_exceptions
    raise to_exc(exc) from exc
httpcore.ConnectError: [Errno -2] Name or service not known

The above exception was the direct cause of the following exception:

Traceback (most recent call last):
  File "/app/nse_scraper/db/backends.py", line 133, in upsert_stockanalysis_stock
    self.client.table(self.stockanalysis_table).upsert(payload, on_conflict="ticker_symbol").execute()
    ~~~~~~~~~~~~~~~~~~~~~~~~~~~~~~~~~~~~~~~~~~~~~~~~~~~~~~~~~~~~~~~~~~~~~~~~~~~~~~~~~~~~~~~~~~~~~~~~^^
  File "/usr/local/lib/python3.14/site-packages/postgrest/_sync/request_builder.py", line 90, in execute
    r = send_with_retry(self.request)
  File "/usr/local/lib/python3.14/site-packages/postgrest/_sync/request_builder.py", line 51, in send_with_retry
    resp = req.send(headers)
  File "/usr/local/lib/python3.14/site-packages/postgrest/base_request_builder.py", line 90, in send
    return self.session.request(
           ~~~~~~~~~~~~~~~~~~~~^
        self.http_method,
        ^^^^^^^^^^^^^^^^^
    ...<4 lines>...
        auth=self.auth,
        ^^^^^^^^^^^^^^^
    )
    ^
  File "/usr/local/lib/python3.14/site-packages/httpx/_client.py", line 825, in request
    return self.send(request, auth=auth, follow_redirects=follow_redirects)
           ~~~~~~~~~^^^^^^^^^^^^^^^^^^^^^^^^^^^^^^^^^^^^^^^^^^^^^^^^^^^^^^^
  File "/usr/local/lib/python3.14/site-packages/httpx/_client.py", line 914, in send
    response = self._send_handling_auth(
        request,
    ...<2 lines>...
        history=[],
    )
  File "/usr/local/lib/python3.14/site-packages/httpx/_client.py", line 942, in _send_handling_auth
    response = self._send_handling_redirects(
        request,
        follow_redirects=follow_redirects,
        history=history,
    )
  File "/usr/local/lib/python3.14/site-packages/httpx/_client.py", line 979, in _send_handling_redirects
    response = self._send_single_request(request)
  File "/usr/local/lib/python3.14/site-packages/httpx/_client.py", line 1014, in _send_single_request
    response = transport.handle_request(request)
  File "/usr/local/lib/python3.14/site-packages/httpx/_transports/default.py", line 249, in handle_request
    with map_httpcore_exceptions():
         ~~~~~~~~~~~~~~~~~~~~~~~^^
  File "/usr/local/lib/python3.14/contextlib.py", line 162, in __exit__
    self.gen.throw(value)
    ~~~~~~~~~~~~~~^^^^^^^
  File "/usr/local/lib/python3.14/site-packages/httpx/_transports/default.py", line 118, in map_httpcore_exceptions
    raise mapped_exc(message) from exc
httpx.ConnectError: [Errno -2] Name or service not known
2026-07-26 18:25:54 [nse_scraper.db.backends] ERROR: Supabase upsert_stockanalysis_stock failed; writing local fallback
Traceback (most recent call last):
  File "/usr/local/lib/python3.14/site-packages/httpx/_transports/default.py", line 101, in map_httpcore_exceptions
    yield
  File "/usr/local/lib/python3.14/site-packages/httpx/_transports/default.py", line 250, in handle_request
    resp = self._pool.handle_request(req)
  File "/usr/local/lib/python3.14/site-packages/httpcore/_sync/connection_pool.py", line 256, in handle_request
    raise exc from None
  File "/usr/local/lib/python3.14/site-packages/httpcore/_sync/connection_pool.py", line 236, in handle_request
    response = connection.handle_request(
        pool_request.request
    )
  File "/usr/local/lib/python3.14/site-packages/httpcore/_sync/connection.py", line 101, in handle_request
    raise exc
  File "/usr/local/lib/python3.14/site-packages/httpcore/_sync/connection.py", line 78, in handle_request
    stream = self._connect(request)
  File "/usr/local/lib/python3.14/site-packages/httpcore/_sync/connection.py", line 124, in _connect
    stream = self._network_backend.connect_tcp(**kwargs)
  File "/usr/local/lib/python3.14/site-packages/httpcore/_backends/sync.py", line 207, in connect_tcp
    with map_exceptions(exc_map):
         ~~~~~~~~~~~~~~^^^^^^^^^
  File "/usr/local/lib/python3.14/contextlib.py", line 162, in __exit__
    self.gen.throw(value)
    ~~~~~~~~~~~~~~^^^^^^^
  File "/usr/local/lib/python3.14/site-packages/httpcore/_exceptions.py", line 14, in map_exceptions
    raise to_exc(exc) from exc
httpcore.ConnectError: [Errno -2] Name or service not known

The above exception was the direct cause of the following exception:

Traceback (most recent call last):
  File "/app/nse_scraper/db/backends.py", line 133, in upsert_stockanalysis_stock
    self.client.table(self.stockanalysis_table).upsert(payload, on_conflict="ticker_symbol").execute()
    ~~~~~~~~~~~~~~~~~~~~~~~~~~~~~~~~~~~~~~~~~~~~~~~~~~~~~~~~~~~~~~~~~~~~~~~~~~~~~~~~~~~~~~~~~~~~~~~~^^
  File "/usr/local/lib/python3.14/site-packages/postgrest/_sync/request_builder.py", line 90, in execute
    r = send_with_retry(self.request)
  File "/usr/local/lib/python3.14/site-packages/postgrest/_sync/request_builder.py", line 51, in send_with_retry
    resp = req.send(headers)
  File "/usr/local/lib/python3.14/site-packages/postgrest/base_request_builder.py", line 90, in send
    return self.session.request(
           ~~~~~~~~~~~~~~~~~~~~^
        self.http_method,
        ^^^^^^^^^^^^^^^^^
    ...<4 lines>...
        auth=self.auth,
        ^^^^^^^^^^^^^^^
    )
    ^
  File "/usr/local/lib/python3.14/site-packages/httpx/_client.py", line 825, in request
    return self.send(request, auth=auth, follow_redirects=follow_redirects)
           ~~~~~~~~~^^^^^^^^^^^^^^^^^^^^^^^^^^^^^^^^^^^^^^^^^^^^^^^^^^^^^^^
  File "/usr/local/lib/python3.14/site-packages/httpx/_client.py", line 914, in send
    response = self._send_handling_auth(
        request,
    ...<2 lines>...
        history=[],
    )
  File "/usr/local/lib/python3.14/site-packages/httpx/_client.py", line 942, in _send_handling_auth
    response = self._send_handling_redirects(
        request,
        follow_redirects=follow_redirects,
        history=history,
    )
  File "/usr/local/lib/python3.14/site-packages/httpx/_client.py", line 979, in _send_handling_redirects
    response = self._send_single_request(request)
  File "/usr/local/lib/python3.14/site-packages/httpx/_client.py", line 1014, in _send_single_request
    response = transport.handle_request(request)
  File "/usr/local/lib/python3.14/site-packages/httpx/_transports/default.py", line 249, in handle_request
    with map_httpcore_exceptions():
         ~~~~~~~~~~~~~~~~~~~~~~~^^
  File "/usr/local/lib/python3.14/contextlib.py", line 162, in __exit__
    self.gen.throw(value)
    ~~~~~~~~~~~~~~^^^^^^^
  File "/usr/local/lib/python3.14/site-packages/httpx/_transports/default.py", line 118, in map_httpcore_exceptions
    raise mapped_exc(message) from exc
httpx.ConnectError: [Errno -2] Name or service not known
2026-07-26 18:25:54 [nse_scraper.db.backends] ERROR: Supabase upsert_stockanalysis_stock failed; writing local fallback
Traceback (most recent call last):
  File "/usr/local/lib/python3.14/site-packages/httpx/_transports/default.py", line 101, in map_httpcore_exceptions
    yield
  File "/usr/local/lib/python3.14/site-packages/httpx/_transports/default.py", line 250, in handle_request
    resp = self._pool.handle_request(req)
  File "/usr/local/lib/python3.14/site-packages/httpcore/_sync/connection_pool.py", line 256, in handle_request
    raise exc from None
  File "/usr/local/lib/python3.14/site-packages/httpcore/_sync/connection_pool.py", line 236, in handle_request
    response = connection.handle_request(
        pool_request.request
    )
  File "/usr/local/lib/python3.14/site-packages/httpcore/_sync/connection.py", line 101, in handle_request
    raise exc
  File "/usr/local/lib/python3.14/site-packages/httpcore/_sync/connection.py", line 78, in handle_request
    stream = self._connect(request)
  File "/usr/local/lib/python3.14/site-packages/httpcore/_sync/connection.py", line 124, in _connect
    stream = self._network_backend.connect_tcp(**kwargs)
  File "/usr/local/lib/python3.14/site-packages/httpcore/_backends/sync.py", line 207, in connect_tcp
    with map_exceptions(exc_map):
         ~~~~~~~~~~~~~~^^^^^^^^^
  File "/usr/local/lib/python3.14/contextlib.py", line 162, in __exit__
    self.gen.throw(value)
    ~~~~~~~~~~~~~~^^^^^^^
  File "/usr/local/lib/python3.14/site-packages/httpcore/_exceptions.py", line 14, in map_exceptions
    raise to_exc(exc) from exc
httpcore.ConnectError: [Errno -2] Name or service not known

The above exception was the direct cause of the following exception:

Traceback (most recent call last):
  File "/app/nse_scraper/db/backends.py", line 133, in upsert_stockanalysis_stock
    self.client.table(self.stockanalysis_table).upsert(payload, on_conflict="ticker_symbol").execute()
    ~~~~~~~~~~~~~~~~~~~~~~~~~~~~~~~~~~~~~~~~~~~~~~~~~~~~~~~~~~~~~~~~~~~~~~~~~~~~~~~~~~~~~~~~~~~~~~~~^^
  File "/usr/local/lib/python3.14/site-packages/postgrest/_sync/request_builder.py", line 90, in execute
    r = send_with_retry(self.request)
  File "/usr/local/lib/python3.14/site-packages/postgrest/_sync/request_builder.py", line 51, in send_with_retry
    resp = req.send(headers)
  File "/usr/local/lib/python3.14/site-packages/postgrest/base_request_builder.py", line 90, in send
    return self.session.request(
           ~~~~~~~~~~~~~~~~~~~~^
        self.http_method,
        ^^^^^^^^^^^^^^^^^
    ...<4 lines>...
        auth=self.auth,
        ^^^^^^^^^^^^^^^
    )
    ^
  File "/usr/local/lib/python3.14/site-packages/httpx/_client.py", line 825, in request
    return self.send(request, auth=auth, follow_redirects=follow_redirects)
           ~~~~~~~~~^^^^^^^^^^^^^^^^^^^^^^^^^^^^^^^^^^^^^^^^^^^^^^^^^^^^^^^
  File "/usr/local/lib/python3.14/site-packages/httpx/_client.py", line 914, in send
    response = self._send_handling_auth(
        request,
    ...<2 lines>...
        history=[],
    )
  File "/usr/local/lib/python3.14/site-packages/httpx/_client.py", line 942, in _send_handling_auth
    response = self._send_handling_redirects(
        request,
        follow_redirects=follow_redirects,
        history=history,
    )
  File "/usr/local/lib/python3.14/site-packages/httpx/_client.py", line 979, in _send_handling_redirects
    response = self._send_single_request(request)
  File "/usr/local/lib/python3.14/site-packages/httpx/_client.py", line 1014, in _send_single_request
    response = transport.handle_request(request)
  File "/usr/local/lib/python3.14/site-packages/httpx/_transports/default.py", line 249, in handle_request
    with map_httpcore_exceptions():
         ~~~~~~~~~~~~~~~~~~~~~~~^^
  File "/usr/local/lib/python3.14/contextlib.py", line 162, in __exit__
    self.gen.throw(value)
    ~~~~~~~~~~~~~~^^^^^^^
  File "/usr/local/lib/python3.14/site-packages/httpx/_transports/default.py", line 118, in map_httpcore_exceptions
    raise mapped_exc(message) from exc
httpx.ConnectError: [Errno -2] Name or service not known
2026-07-26 18:25:54 [nse_scraper.db.backends] ERROR: Supabase upsert_stockanalysis_stock failed; writing local fallback
Traceback (most recent call last):
  File "/usr/local/lib/python3.14/site-packages/httpx/_transports/default.py", line 101, in map_httpcore_exceptions
    yield
  File "/usr/local/lib/python3.14/site-packages/httpx/_transports/default.py", line 250, in handle_request
    resp = self._pool.handle_request(req)
  File "/usr/local/lib/python3.14/site-packages/httpcore/_sync/connection_pool.py", line 256, in handle_request
    raise exc from None
  File "/usr/local/lib/python3.14/site-packages/httpcore/_sync/connection_pool.py", line 236, in handle_request
    response = connection.handle_request(
        pool_request.request
    )
  File "/usr/local/lib/python3.14/site-packages/httpcore/_sync/connection.py", line 101, in handle_request
    raise exc
  File "/usr/local/lib/python3.14/site-packages/httpcore/_sync/connection.py", line 78, in handle_request
    stream = self._connect(request)
  File "/usr/local/lib/python3.14/site-packages/httpcore/_sync/connection.py", line 124, in _connect
    stream = self._network_backend.connect_tcp(**kwargs)
  File "/usr/local/lib/python3.14/site-packages/httpcore/_backends/sync.py", line 207, in connect_tcp
    with map_exceptions(exc_map):
         ~~~~~~~~~~~~~~^^^^^^^^^
  File "/usr/local/lib/python3.14/contextlib.py", line 162, in __exit__
    self.gen.throw(value)
    ~~~~~~~~~~~~~~^^^^^^^
  File "/usr/local/lib/python3.14/site-packages/httpcore/_exceptions.py", line 14, in map_exceptions
    raise to_exc(exc) from exc
httpcore.ConnectError: [Errno -2] Name or service not known

The above exception was the direct cause of the following exception:

Traceback (most recent call last):
  File "/app/nse_scraper/db/backends.py", line 133, in upsert_stockanalysis_stock
    self.client.table(self.stockanalysis_table).upsert(payload, on_conflict="ticker_symbol").execute()
    ~~~~~~~~~~~~~~~~~~~~~~~~~~~~~~~~~~~~~~~~~~~~~~~~~~~~~~~~~~~~~~~~~~~~~~~~~~~~~~~~~~~~~~~~~~~~~~~~^^
  File "/usr/local/lib/python3.14/site-packages/postgrest/_sync/request_builder.py", line 90, in execute
    r = send_with_retry(self.request)
  File "/usr/local/lib/python3.14/site-packages/postgrest/_sync/request_builder.py", line 51, in send_with_retry
    resp = req.send(headers)
  File "/usr/local/lib/python3.14/site-packages/postgrest/base_request_builder.py", line 90, in send
    return self.session.request(
           ~~~~~~~~~~~~~~~~~~~~^
        self.http_method,
        ^^^^^^^^^^^^^^^^^
    ...<4 lines>...
        auth=self.auth,
        ^^^^^^^^^^^^^^^
    )
    ^
  File "/usr/local/lib/python3.14/site-packages/httpx/_client.py", line 825, in request
    return self.send(request, auth=auth, follow_redirects=follow_redirects)
           ~~~~~~~~~^^^^^^^^^^^^^^^^^^^^^^^^^^^^^^^^^^^^^^^^^^^^^^^^^^^^^^^
  File "/usr/local/lib/python3.14/site-packages/httpx/_client.py", line 914, in send
    response = self._send_handling_auth(
        request,
    ...<2 lines>...
        history=[],
    )
  File "/usr/local/lib/python3.14/site-packages/httpx/_client.py", line 942, in _send_handling_auth
    response = self._send_handling_redirects(
        request,
        follow_redirects=follow_redirects,
        history=history,
    )
  File "/usr/local/lib/python3.14/site-packages/httpx/_client.py", line 979, in _send_handling_redirects
    response = self._send_single_request(request)
  File "/usr/local/lib/python3.14/site-packages/httpx/_client.py", line 1014, in _send_single_request
    response = transport.handle_request(request)
  File "/usr/local/lib/python3.14/site-packages/httpx/_transports/default.py", line 249, in handle_request
    with map_httpcore_exceptions():
         ~~~~~~~~~~~~~~~~~~~~~~~^^
  File "/usr/local/lib/python3.14/contextlib.py", line 162, in __exit__
    self.gen.throw(value)
    ~~~~~~~~~~~~~~^^^^^^^
  File "/usr/local/lib/python3.14/site-packages/httpx/_transports/default.py", line 118, in map_httpcore_exceptions
    raise mapped_exc(message) from exc
httpx.ConnectError: [Errno -2] Name or service not known
2026-07-26 18:25:54 [nse_scraper.db.backends] ERROR: Supabase upsert_stockanalysis_stock failed; writing local fallback
Traceback (most recent call last):
  File "/usr/local/lib/python3.14/site-packages/httpx/_transports/default.py", line 101, in map_httpcore_exceptions
    yield
  File "/usr/local/lib/python3.14/site-packages/httpx/_transports/default.py", line 250, in handle_request
    resp = self._pool.handle_request(req)
  File "/usr/local/lib/python3.14/site-packages/httpcore/_sync/connection_pool.py", line 256, in handle_request
    raise exc from None
  File "/usr/local/lib/python3.14/site-packages/httpcore/_sync/connection_pool.py", line 236, in handle_request
    response = connection.handle_request(
        pool_request.request
    )
  File "/usr/local/lib/python3.14/site-packages/httpcore/_sync/connection.py", line 101, in handle_request
    raise exc
  File "/usr/local/lib/python3.14/site-packages/httpcore/_sync/connection.py", line 78, in handle_request
    stream = self._connect(request)
  File "/usr/local/lib/python3.14/site-packages/httpcore/_sync/connection.py", line 124, in _connect
    stream = self._network_backend.connect_tcp(**kwargs)
  File "/usr/local/lib/python3.14/site-packages/httpcore/_backends/sync.py", line 207, in connect_tcp
    with map_exceptions(exc_map):
         ~~~~~~~~~~~~~~^^^^^^^^^
  File "/usr/local/lib/python3.14/contextlib.py", line 162, in __exit__
    self.gen.throw(value)
    ~~~~~~~~~~~~~~^^^^^^^
  File "/usr/local/lib/python3.14/site-packages/httpcore/_exceptions.py", line 14, in map_exceptions
    raise to_exc(exc) from exc
httpcore.ConnectError: [Errno -2] Name or service not known

The above exception was the direct cause of the following exception:

Traceback (most recent call last):
  File "/app/nse_scraper/db/backends.py", line 133, in upsert_stockanalysis_stock
    self.client.table(self.stockanalysis_table).upsert(payload, on_conflict="ticker_symbol").execute()
    ~~~~~~~~~~~~~~~~~~~~~~~~~~~~~~~~~~~~~~~~~~~~~~~~~~~~~~~~~~~~~~~~~~~~~~~~~~~~~~~~~~~~~~~~~~~~~~~~^^
  File "/usr/local/lib/python3.14/site-packages/postgrest/_sync/request_builder.py", line 90, in execute
    r = send_with_retry(self.request)
  File "/usr/local/lib/python3.14/site-packages/postgrest/_sync/request_builder.py", line 51, in send_with_retry
    resp = req.send(headers)
  File "/usr/local/lib/python3.14/site-packages/postgrest/base_request_builder.py", line 90, in send
    return self.session.request(
           ~~~~~~~~~~~~~~~~~~~~^
        self.http_method,
        ^^^^^^^^^^^^^^^^^
    ...<4 lines>...
        auth=self.auth,
        ^^^^^^^^^^^^^^^
    )
    ^
  File "/usr/local/lib/python3.14/site-packages/httpx/_client.py", line 825, in request
    return self.send(request, auth=auth, follow_redirects=follow_redirects)
           ~~~~~~~~~^^^^^^^^^^^^^^^^^^^^^^^^^^^^^^^^^^^^^^^^^^^^^^^^^^^^^^^
  File "/usr/local/lib/python3.14/site-packages/httpx/_client.py", line 914, in send
    response = self._send_handling_auth(
        request,
    ...<2 lines>...
        history=[],
    )
  File "/usr/local/lib/python3.14/site-packages/httpx/_client.py", line 942, in _send_handling_auth
    response = self._send_handling_redirects(
        request,
        follow_redirects=follow_redirects,
        history=history,
    )
  File "/usr/local/lib/python3.14/site-packages/httpx/_client.py", line 979, in _send_handling_redirects
    response = self._send_single_request(request)
  File "/usr/local/lib/python3.14/site-packages/httpx/_client.py", line 1014, in _send_single_request
    response = transport.handle_request(request)
  File "/usr/local/lib/python3.14/site-packages/httpx/_transports/default.py", line 249, in handle_request
    with map_httpcore_exceptions():
         ~~~~~~~~~~~~~~~~~~~~~~~^^
  File "/usr/local/lib/python3.14/contextlib.py", line 162, in __exit__
    self.gen.throw(value)
    ~~~~~~~~~~~~~~^^^^^^^
  File "/usr/local/lib/python3.14/site-packages/httpx/_transports/default.py", line 118, in map_httpcore_exceptions
    raise mapped_exc(message) from exc
httpx.ConnectError: [Errno -2] Name or service not known
2026-07-26 18:25:54 [nse_scraper.db.backends] ERROR: Supabase upsert_stockanalysis_stock failed; writing local fallback
Traceback (most recent call last):
  File "/usr/local/lib/python3.14/site-packages/httpx/_transports/default.py", line 101, in map_httpcore_exceptions
    yield
  File "/usr/local/lib/python3.14/site-packages/httpx/_transports/default.py", line 250, in handle_request
    resp = self._pool.handle_request(req)
  File "/usr/local/lib/python3.14/site-packages/httpcore/_sync/connection_pool.py", line 256, in handle_request
    raise exc from None
  File "/usr/local/lib/python3.14/site-packages/httpcore/_sync/connection_pool.py", line 236, in handle_request
    response = connection.handle_request(
        pool_request.request
    )
  File "/usr/local/lib/python3.14/site-packages/httpcore/_sync/connection.py", line 101, in handle_request
    raise exc
  File "/usr/local/lib/python3.14/site-packages/httpcore/_sync/connection.py", line 78, in handle_request
    stream = self._connect(request)
  File "/usr/local/lib/python3.14/site-packages/httpcore/_sync/connection.py", line 124, in _connect
    stream = self._network_backend.connect_tcp(**kwargs)
  File "/usr/local/lib/python3.14/site-packages/httpcore/_backends/sync.py", line 207, in connect_tcp
    with map_exceptions(exc_map):
         ~~~~~~~~~~~~~~^^^^^^^^^
  File "/usr/local/lib/python3.14/contextlib.py", line 162, in __exit__
    self.gen.throw(value)
    ~~~~~~~~~~~~~~^^^^^^^
  File "/usr/local/lib/python3.14/site-packages/httpcore/_exceptions.py", line 14, in map_exceptions
    raise to_exc(exc) from exc
httpcore.ConnectError: [Errno -2] Name or service not known

The above exception was the direct cause of the following exception:

Traceback (most recent call last):
  File "/app/nse_scraper/db/backends.py", line 133, in upsert_stockanalysis_stock
    self.client.table(self.stockanalysis_table).upsert(payload, on_conflict="ticker_symbol").execute()
    ~~~~~~~~~~~~~~~~~~~~~~~~~~~~~~~~~~~~~~~~~~~~~~~~~~~~~~~~~~~~~~~~~~~~~~~~~~~~~~~~~~~~~~~~~~~~~~~~^^
  File "/usr/local/lib/python3.14/site-packages/postgrest/_sync/request_builder.py", line 90, in execute
    r = send_with_retry(self.request)
  File "/usr/local/lib/python3.14/site-packages/postgrest/_sync/request_builder.py", line 51, in send_with_retry
    resp = req.send(headers)
  File "/usr/local/lib/python3.14/site-packages/postgrest/base_request_builder.py", line 90, in send
    return self.session.request(
           ~~~~~~~~~~~~~~~~~~~~^
        self.http_method,
        ^^^^^^^^^^^^^^^^^
    ...<4 lines>...
        auth=self.auth,
        ^^^^^^^^^^^^^^^
    )
    ^
  File "/usr/local/lib/python3.14/site-packages/httpx/_client.py", line 825, in request
    return self.send(request, auth=auth, follow_redirects=follow_redirects)
           ~~~~~~~~~^^^^^^^^^^^^^^^^^^^^^^^^^^^^^^^^^^^^^^^^^^^^^^^^^^^^^^^
  File "/usr/local/lib/python3.14/site-packages/httpx/_client.py", line 914, in send
    response = self._send_handling_auth(
        request,
    ...<2 lines>...
        history=[],
    )
  File "/usr/local/lib/python3.14/site-packages/httpx/_client.py", line 942, in _send_handling_auth
    response = self._send_handling_redirects(
        request,
        follow_redirects=follow_redirects,
        history=history,
    )
  File "/usr/local/lib/python3.14/site-packages/httpx/_client.py", line 979, in _send_handling_redirects
    response = self._send_single_request(request)
  File "/usr/local/lib/python3.14/site-packages/httpx/_client.py", line 1014, in _send_single_request
    response = transport.handle_request(request)
  File "/usr/local/lib/python3.14/site-packages/httpx/_transports/default.py", line 249, in handle_request
    with map_httpcore_exceptions():
         ~~~~~~~~~~~~~~~~~~~~~~~^^
  File "/usr/local/lib/python3.14/contextlib.py", line 162, in __exit__
    self.gen.throw(value)
    ~~~~~~~~~~~~~~^^^^^^^
  File "/usr/local/lib/python3.14/site-packages/httpx/_transports/default.py", line 118, in map_httpcore_exceptions
    raise mapped_exc(message) from exc
httpx.ConnectError: [Errno -2] Name or service not known
2026-07-26 18:25:55 [nse_scraper.db.backends] ERROR: Supabase upsert_stockanalysis_stock failed; writing local fallback
Traceback (most recent call last):
  File "/usr/local/lib/python3.14/site-packages/httpx/_transports/default.py", line 101, in map_httpcore_exceptions
    yield
  File "/usr/local/lib/python3.14/site-packages/httpx/_transports/default.py", line 250, in handle_request
    resp = self._pool.handle_request(req)
  File "/usr/local/lib/python3.14/site-packages/httpcore/_sync/connection_pool.py", line 256, in handle_request
    raise exc from None
  File "/usr/local/lib/python3.14/site-packages/httpcore/_sync/connection_pool.py", line 236, in handle_request
    response = connection.handle_request(
        pool_request.request
    )
  File "/usr/local/lib/python3.14/site-packages/httpcore/_sync/connection.py", line 101, in handle_request
    raise exc
  File "/usr/local/lib/python3.14/site-packages/httpcore/_sync/connection.py", line 78, in handle_request
    stream = self._connect(request)
  File "/usr/local/lib/python3.14/site-packages/httpcore/_sync/connection.py", line 124, in _connect
    stream = self._network_backend.connect_tcp(**kwargs)
  File "/usr/local/lib/python3.14/site-packages/httpcore/_backends/sync.py", line 207, in connect_tcp
    with map_exceptions(exc_map):
         ~~~~~~~~~~~~~~^^^^^^^^^
  File "/usr/local/lib/python3.14/contextlib.py", line 162, in __exit__
    self.gen.throw(value)
    ~~~~~~~~~~~~~~^^^^^^^
  File "/usr/local/lib/python3.14/site-packages/httpcore/_exceptions.py", line 14, in map_exceptions
    raise to_exc(exc) from exc
httpcore.ConnectError: [Errno -2] Name or service not known

The above exception was the direct cause of the following exception:

Traceback (most recent call last):
  File "/app/nse_scraper/db/backends.py", line 133, in upsert_stockanalysis_stock
    self.client.table(self.stockanalysis_table).upsert(payload, on_conflict="ticker_symbol").execute()
    ~~~~~~~~~~~~~~~~~~~~~~~~~~~~~~~~~~~~~~~~~~~~~~~~~~~~~~~~~~~~~~~~~~~~~~~~~~~~~~~~~~~~~~~~~~~~~~~~^^
  File "/usr/local/lib/python3.14/site-packages/postgrest/_sync/request_builder.py", line 90, in execute
    r = send_with_retry(self.request)
  File "/usr/local/lib/python3.14/site-packages/postgrest/_sync/request_builder.py", line 51, in send_with_retry
    resp = req.send(headers)
  File "/usr/local/lib/python3.14/site-packages/postgrest/base_request_builder.py", line 90, in send
    return self.session.request(
           ~~~~~~~~~~~~~~~~~~~~^
        self.http_method,
        ^^^^^^^^^^^^^^^^^
    ...<4 lines>...
        auth=self.auth,
        ^^^^^^^^^^^^^^^
    )
    ^
  File "/usr/local/lib/python3.14/site-packages/httpx/_client.py", line 825, in request
    return self.send(request, auth=auth, follow_redirects=follow_redirects)
           ~~~~~~~~~^^^^^^^^^^^^^^^^^^^^^^^^^^^^^^^^^^^^^^^^^^^^^^^^^^^^^^^
  File "/usr/local/lib/python3.14/site-packages/httpx/_client.py", line 914, in send
    response = self._send_handling_auth(
        request,
    ...<2 lines>...
        history=[],
    )
  File "/usr/local/lib/python3.14/site-packages/httpx/_client.py", line 942, in _send_handling_auth
    response = self._send_handling_redirects(
        request,
        follow_redirects=follow_redirects,
        history=history,
    )
  File "/usr/local/lib/python3.14/site-packages/httpx/_client.py", line 979, in _send_handling_redirects
    response = self._send_single_request(request)
  File "/usr/local/lib/python3.14/site-packages/httpx/_client.py", line 1014, in _send_single_request
    response = transport.handle_request(request)
  File "/usr/local/lib/python3.14/site-packages/httpx/_transports/default.py", line 249, in handle_request
    with map_httpcore_exceptions():
         ~~~~~~~~~~~~~~~~~~~~~~~^^
  File "/usr/local/lib/python3.14/contextlib.py", line 162, in __exit__
    self.gen.throw(value)
    ~~~~~~~~~~~~~~^^^^^^^
  File "/usr/local/lib/python3.14/site-packages/httpx/_transports/default.py", line 118, in map_httpcore_exceptions
    raise mapped_exc(message) from exc
httpx.ConnectError: [Errno -2] Name or service not known
2026-07-26 18:25:55 [nse_scraper.db.backends] ERROR: Supabase upsert_stockanalysis_stock failed; writing local fallback
Traceback (most recent call last):
  File "/usr/local/lib/python3.14/site-packages/httpx/_transports/default.py", line 101, in map_httpcore_exceptions
    yield
  File "/usr/local/lib/python3.14/site-packages/httpx/_transports/default.py", line 250, in handle_request
    resp = self._pool.handle_request(req)
  File "/usr/local/lib/python3.14/site-packages/httpcore/_sync/connection_pool.py", line 256, in handle_request
    raise exc from None
  File "/usr/local/lib/python3.14/site-packages/httpcore/_sync/connection_pool.py", line 236, in handle_request
    response = connection.handle_request(
        pool_request.request
    )
  File "/usr/local/lib/python3.14/site-packages/httpcore/_sync/connection.py", line 101, in handle_request
    raise exc
  File "/usr/local/lib/python3.14/site-packages/httpcore/_sync/connection.py", line 78, in handle_request
    stream = self._connect(request)
  File "/usr/local/lib/python3.14/site-packages/httpcore/_sync/connection.py", line 124, in _connect
    stream = self._network_backend.connect_tcp(**kwargs)
  File "/usr/local/lib/python3.14/site-packages/httpcore/_backends/sync.py", line 207, in connect_tcp
    with map_exceptions(exc_map):
         ~~~~~~~~~~~~~~^^^^^^^^^
  File "/usr/local/lib/python3.14/contextlib.py", line 162, in __exit__
    self.gen.throw(value)
    ~~~~~~~~~~~~~~^^^^^^^
  File "/usr/local/lib/python3.14/site-packages/httpcore/_exceptions.py", line 14, in map_exceptions
    raise to_exc(exc) from exc
httpcore.ConnectError: [Errno -2] Name or service not known

The above exception was the direct cause of the following exception:

Traceback (most recent call last):
  File "/app/nse_scraper/db/backends.py", line 133, in upsert_stockanalysis_stock
    self.client.table(self.stockanalysis_table).upsert(payload, on_conflict="ticker_symbol").execute()
    ~~~~~~~~~~~~~~~~~~~~~~~~~~~~~~~~~~~~~~~~~~~~~~~~~~~~~~~~~~~~~~~~~~~~~~~~~~~~~~~~~~~~~~~~~~~~~~~~^^
  File "/usr/local/lib/python3.14/site-packages/postgrest/_sync/request_builder.py", line 90, in execute
    r = send_with_retry(self.request)
  File "/usr/local/lib/python3.14/site-packages/postgrest/_sync/request_builder.py", line 51, in send_with_retry
    resp = req.send(headers)
  File "/usr/local/lib/python3.14/site-packages/postgrest/base_request_builder.py", line 90, in send
    return self.session.request(
           ~~~~~~~~~~~~~~~~~~~~^
        self.http_method,
        ^^^^^^^^^^^^^^^^^
    ...<4 lines>...
        auth=self.auth,
        ^^^^^^^^^^^^^^^
    )
    ^
  File "/usr/local/lib/python3.14/site-packages/httpx/_client.py", line 825, in request
    return self.send(request, auth=auth, follow_redirects=follow_redirects)
           ~~~~~~~~~^^^^^^^^^^^^^^^^^^^^^^^^^^^^^^^^^^^^^^^^^^^^^^^^^^^^^^^
  File "/usr/local/lib/python3.14/site-packages/httpx/_client.py", line 914, in send
    response = self._send_handling_auth(
        request,
    ...<2 lines>...
        history=[],
    )
  File "/usr/local/lib/python3.14/site-packages/httpx/_client.py", line 942, in _send_handling_auth
    response = self._send_handling_redirects(
        request,
        follow_redirects=follow_redirects,
        history=history,
    )
  File "/usr/local/lib/python3.14/site-packages/httpx/_client.py", line 979, in _send_handling_redirects
    response = self._send_single_request(request)
  File "/usr/local/lib/python3.14/site-packages/httpx/_client.py", line 1014, in _send_single_request
    response = transport.handle_request(request)
  File "/usr/local/lib/python3.14/site-packages/httpx/_transports/default.py", line 249, in handle_request
    with map_httpcore_exceptions():
         ~~~~~~~~~~~~~~~~~~~~~~~^^
  File "/usr/local/lib/python3.14/contextlib.py", line 162, in __exit__
    self.gen.throw(value)
    ~~~~~~~~~~~~~~^^^^^^^
  File "/usr/local/lib/python3.14/site-packages/httpx/_transports/default.py", line 118, in map_httpcore_exceptions
    raise mapped_exc(message) from exc
httpx.ConnectError: [Errno -2] Name or service not known
2026-07-26 18:25:55 [nse_scraper.db.backends] ERROR: Supabase upsert_stockanalysis_stock failed; writing local fallback
Traceback (most recent call last):
  File "/usr/local/lib/python3.14/site-packages/httpx/_transports/default.py", line 101, in map_httpcore_exceptions
    yield
  File "/usr/local/lib/python3.14/site-packages/httpx/_transports/default.py", line 250, in handle_request
    resp = self._pool.handle_request(req)
  File "/usr/local/lib/python3.14/site-packages/httpcore/_sync/connection_pool.py", line 256, in handle_request
    raise exc from None
  File "/usr/local/lib/python3.14/site-packages/httpcore/_sync/connection_pool.py", line 236, in handle_request
    response = connection.handle_request(
        pool_request.request
    )
  File "/usr/local/lib/python3.14/site-packages/httpcore/_sync/connection.py", line 101, in handle_request
    raise exc
  File "/usr/local/lib/python3.14/site-packages/httpcore/_sync/connection.py", line 78, in handle_request
    stream = self._connect(request)
  File "/usr/local/lib/python3.14/site-packages/httpcore/_sync/connection.py", line 124, in _connect
    stream = self._network_backend.connect_tcp(**kwargs)
  File "/usr/local/lib/python3.14/site-packages/httpcore/_backends/sync.py", line 207, in connect_tcp
    with map_exceptions(exc_map):
         ~~~~~~~~~~~~~~^^^^^^^^^
  File "/usr/local/lib/python3.14/contextlib.py", line 162, in __exit__
    self.gen.throw(value)
    ~~~~~~~~~~~~~~^^^^^^^
  File "/usr/local/lib/python3.14/site-packages/httpcore/_exceptions.py", line 14, in map_exceptions
    raise to_exc(exc) from exc
httpcore.ConnectError: [Errno -2] Name or service not known

The above exception was the direct cause of the following exception:

Traceback (most recent call last):
  File "/app/nse_scraper/db/backends.py", line 133, in upsert_stockanalysis_stock
    self.client.table(self.stockanalysis_table).upsert(payload, on_conflict="ticker_symbol").execute()
    ~~~~~~~~~~~~~~~~~~~~~~~~~~~~~~~~~~~~~~~~~~~~~~~~~~~~~~~~~~~~~~~~~~~~~~~~~~~~~~~~~~~~~~~~~~~~~~~~^^
  File "/usr/local/lib/python3.14/site-packages/postgrest/_sync/request_builder.py", line 90, in execute
    r = send_with_retry(self.request)
  File "/usr/local/lib/python3.14/site-packages/postgrest/_sync/request_builder.py", line 51, in send_with_retry
    resp = req.send(headers)
  File "/usr/local/lib/python3.14/site-packages/postgrest/base_request_builder.py", line 90, in send
    return self.session.request(
           ~~~~~~~~~~~~~~~~~~~~^
        self.http_method,
        ^^^^^^^^^^^^^^^^^
    ...<4 lines>...
        auth=self.auth,
        ^^^^^^^^^^^^^^^
    )
    ^
  File "/usr/local/lib/python3.14/site-packages/httpx/_client.py", line 825, in request
    return self.send(request, auth=auth, follow_redirects=follow_redirects)
           ~~~~~~~~~^^^^^^^^^^^^^^^^^^^^^^^^^^^^^^^^^^^^^^^^^^^^^^^^^^^^^^^
  File "/usr/local/lib/python3.14/site-packages/httpx/_client.py", line 914, in send
    response = self._send_handling_auth(
        request,
    ...<2 lines>...
        history=[],
    )
  File "/usr/local/lib/python3.14/site-packages/httpx/_client.py", line 942, in _send_handling_auth
    response = self._send_handling_redirects(
        request,
        follow_redirects=follow_redirects,
        history=history,
    )
  File "/usr/local/lib/python3.14/site-packages/httpx/_client.py", line 979, in _send_handling_redirects
    response = self._send_single_request(request)
  File "/usr/local/lib/python3.14/site-packages/httpx/_client.py", line 1014, in _send_single_request
    response = transport.handle_request(request)
  File "/usr/local/lib/python3.14/site-packages/httpx/_transports/default.py", line 249, in handle_request
    with map_httpcore_exceptions():
         ~~~~~~~~~~~~~~~~~~~~~~~^^
  File "/usr/local/lib/python3.14/contextlib.py", line 162, in __exit__
    self.gen.throw(value)
    ~~~~~~~~~~~~~~^^^^^^^
  File "/usr/local/lib/python3.14/site-packages/httpx/_transports/default.py", line 118, in map_httpcore_exceptions
    raise mapped_exc(message) from exc
httpx.ConnectError: [Errno -2] Name or service not known
2026-07-26 18:25:55 [nse_scraper.db.backends] ERROR: Supabase upsert_stockanalysis_stock failed; writing local fallback
Traceback (most recent call last):
  File "/usr/local/lib/python3.14/site-packages/httpx/_transports/default.py", line 101, in map_httpcore_exceptions
    yield
  File "/usr/local/lib/python3.14/site-packages/httpx/_transports/default.py", line 250, in handle_request
    resp = self._pool.handle_request(req)
  File "/usr/local/lib/python3.14/site-packages/httpcore/_sync/connection_pool.py", line 256, in handle_request
    raise exc from None
  File "/usr/local/lib/python3.14/site-packages/httpcore/_sync/connection_pool.py", line 236, in handle_request
    response = connection.handle_request(
        pool_request.request
    )
  File "/usr/local/lib/python3.14/site-packages/httpcore/_sync/connection.py", line 101, in handle_request
    raise exc
  File "/usr/local/lib/python3.14/site-packages/httpcore/_sync/connection.py", line 78, in handle_request
    stream = self._connect(request)
  File "/usr/local/lib/python3.14/site-packages/httpcore/_sync/connection.py", line 124, in _connect
    stream = self._network_backend.connect_tcp(**kwargs)
  File "/usr/local/lib/python3.14/site-packages/httpcore/_backends/sync.py", line 207, in connect_tcp
    with map_exceptions(exc_map):
         ~~~~~~~~~~~~~~^^^^^^^^^
  File "/usr/local/lib/python3.14/contextlib.py", line 162, in __exit__
    self.gen.throw(value)
    ~~~~~~~~~~~~~~^^^^^^^
  File "/usr/local/lib/python3.14/site-packages/httpcore/_exceptions.py", line 14, in map_exceptions
    raise to_exc(exc) from exc
httpcore.ConnectError: [Errno -2] Name or service not known

The above exception was the direct cause of the following exception:

Traceback (most recent call last):
  File "/app/nse_scraper/db/backends.py", line 133, in upsert_stockanalysis_stock
    self.client.table(self.stockanalysis_table).upsert(payload, on_conflict="ticker_symbol").execute()
    ~~~~~~~~~~~~~~~~~~~~~~~~~~~~~~~~~~~~~~~~~~~~~~~~~~~~~~~~~~~~~~~~~~~~~~~~~~~~~~~~~~~~~~~~~~~~~~~~^^
  File "/usr/local/lib/python3.14/site-packages/postgrest/_sync/request_builder.py", line 90, in execute
    r = send_with_retry(self.request)
  File "/usr/local/lib/python3.14/site-packages/postgrest/_sync/request_builder.py", line 51, in send_with_retry
    resp = req.send(headers)
  File "/usr/local/lib/python3.14/site-packages/postgrest/base_request_builder.py", line 90, in send
    return self.session.request(
           ~~~~~~~~~~~~~~~~~~~~^
        self.http_method,
        ^^^^^^^^^^^^^^^^^
    ...<4 lines>...
        auth=self.auth,
        ^^^^^^^^^^^^^^^
    )
    ^
  File "/usr/local/lib/python3.14/site-packages/httpx/_client.py", line 825, in request
    return self.send(request, auth=auth, follow_redirects=follow_redirects)
           ~~~~~~~~~^^^^^^^^^^^^^^^^^^^^^^^^^^^^^^^^^^^^^^^^^^^^^^^^^^^^^^^
  File "/usr/local/lib/python3.14/site-packages/httpx/_client.py", line 914, in send
    response = self._send_handling_auth(
        request,
    ...<2 lines>...
        history=[],
    )
  File "/usr/local/lib/python3.14/site-packages/httpx/_client.py", line 942, in _send_handling_auth
    response = self._send_handling_redirects(
        request,
        follow_redirects=follow_redirects,
        history=history,
    )
  File "/usr/local/lib/python3.14/site-packages/httpx/_client.py", line 979, in _send_handling_redirects
    response = self._send_single_request(request)
  File "/usr/local/lib/python3.14/site-packages/httpx/_client.py", line 1014, in _send_single_request
    response = transport.handle_request(request)
  File "/usr/local/lib/python3.14/site-packages/httpx/_transports/default.py", line 249, in handle_request
    with map_httpcore_exceptions():
         ~~~~~~~~~~~~~~~~~~~~~~~^^
  File "/usr/local/lib/python3.14/contextlib.py", line 162, in __exit__
    self.gen.throw(value)
    ~~~~~~~~~~~~~~^^^^^^^
  File "/usr/local/lib/python3.14/site-packages/httpx/_transports/default.py", line 118, in map_httpcore_exceptions
    raise mapped_exc(message) from exc
httpx.ConnectError: [Errno -2] Name or service not known
2026-07-26 18:25:55 [nse_scraper.db.backends] ERROR: Supabase upsert_stockanalysis_stock failed; writing local fallback
Traceback (most recent call last):
  File "/usr/local/lib/python3.14/site-packages/httpx/_transports/default.py", line 101, in map_httpcore_exceptions
    yield
  File "/usr/local/lib/python3.14/site-packages/httpx/_transports/default.py", line 250, in handle_request
    resp = self._pool.handle_request(req)
  File "/usr/local/lib/python3.14/site-packages/httpcore/_sync/connection_pool.py", line 256, in handle_request
    raise exc from None
  File "/usr/local/lib/python3.14/site-packages/httpcore/_sync/connection_pool.py", line 236, in handle_request
    response = connection.handle_request(
        pool_request.request
    )
  File "/usr/local/lib/python3.14/site-packages/httpcore/_sync/connection.py", line 101, in handle_request
    raise exc
  File "/usr/local/lib/python3.14/site-packages/httpcore/_sync/connection.py", line 78, in handle_request
    stream = self._connect(request)
  File "/usr/local/lib/python3.14/site-packages/httpcore/_sync/connection.py", line 124, in _connect
    stream = self._network_backend.connect_tcp(**kwargs)
  File "/usr/local/lib/python3.14/site-packages/httpcore/_backends/sync.py", line 207, in connect_tcp
    with map_exceptions(exc_map):
         ~~~~~~~~~~~~~~^^^^^^^^^
  File "/usr/local/lib/python3.14/contextlib.py", line 162, in __exit__
    self.gen.throw(value)
    ~~~~~~~~~~~~~~^^^^^^^
  File "/usr/local/lib/python3.14/site-packages/httpcore/_exceptions.py", line 14, in map_exceptions
    raise to_exc(exc) from exc
httpcore.ConnectError: [Errno -2] Name or service not known

The above exception was the direct cause of the following exception:

Traceback (most recent call last):
  File "/app/nse_scraper/db/backends.py", line 133, in upsert_stockanalysis_stock
    self.client.table(self.stockanalysis_table).upsert(payload, on_conflict="ticker_symbol").execute()
    ~~~~~~~~~~~~~~~~~~~~~~~~~~~~~~~~~~~~~~~~~~~~~~~~~~~~~~~~~~~~~~~~~~~~~~~~~~~~~~~~~~~~~~~~~~~~~~~~^^
  File "/usr/local/lib/python3.14/site-packages/postgrest/_sync/request_builder.py", line 90, in execute
    r = send_with_retry(self.request)
  File "/usr/local/lib/python3.14/site-packages/postgrest/_sync/request_builder.py", line 51, in send_with_retry
    resp = req.send(headers)
  File "/usr/local/lib/python3.14/site-packages/postgrest/base_request_builder.py", line 90, in send
    return self.session.request(
           ~~~~~~~~~~~~~~~~~~~~^
        self.http_method,
        ^^^^^^^^^^^^^^^^^
    ...<4 lines>...
        auth=self.auth,
        ^^^^^^^^^^^^^^^
    )
    ^
  File "/usr/local/lib/python3.14/site-packages/httpx/_client.py", line 825, in request
    return self.send(request, auth=auth, follow_redirects=follow_redirects)
           ~~~~~~~~~^^^^^^^^^^^^^^^^^^^^^^^^^^^^^^^^^^^^^^^^^^^^^^^^^^^^^^^
  File "/usr/local/lib/python3.14/site-packages/httpx/_client.py", line 914, in send
    response = self._send_handling_auth(
        request,
    ...<2 lines>...
        history=[],
    )
  File "/usr/local/lib/python3.14/site-packages/httpx/_client.py", line 942, in _send_handling_auth
    response = self._send_handling_redirects(
        request,
        follow_redirects=follow_redirects,
        history=history,
    )
  File "/usr/local/lib/python3.14/site-packages/httpx/_client.py", line 979, in _send_handling_redirects
    response = self._send_single_request(request)
  File "/usr/local/lib/python3.14/site-packages/httpx/_client.py", line 1014, in _send_single_request
    response = transport.handle_request(request)
  File "/usr/local/lib/python3.14/site-packages/httpx/_transports/default.py", line 249, in handle_request
    with map_httpcore_exceptions():
         ~~~~~~~~~~~~~~~~~~~~~~~^^
  File "/usr/local/lib/python3.14/contextlib.py", line 162, in __exit__
    self.gen.throw(value)
    ~~~~~~~~~~~~~~^^^^^^^
  File "/usr/local/lib/python3.14/site-packages/httpx/_transports/default.py", line 118, in map_httpcore_exceptions
    raise mapped_exc(message) from exc
httpx.ConnectError: [Errno -2] Name or service not known
2026-07-26 18:25:55 [nse_scraper.db.backends] ERROR: Supabase upsert_stockanalysis_stock failed; writing local fallback
Traceback (most recent call last):
  File "/usr/local/lib/python3.14/site-packages/httpx/_transports/default.py", line 101, in map_httpcore_exceptions
    yield
  File "/usr/local/lib/python3.14/site-packages/httpx/_transports/default.py", line 250, in handle_request
    resp = self._pool.handle_request(req)
  File "/usr/local/lib/python3.14/site-packages/httpcore/_sync/connection_pool.py", line 256, in handle_request
    raise exc from None
  File "/usr/local/lib/python3.14/site-packages/httpcore/_sync/connection_pool.py", line 236, in handle_request
    response = connection.handle_request(
        pool_request.request
    )
  File "/usr/local/lib/python3.14/site-packages/httpcore/_sync/connection.py", line 101, in handle_request
    raise exc
  File "/usr/local/lib/python3.14/site-packages/httpcore/_sync/connection.py", line 78, in handle_request
    stream = self._connect(request)
  File "/usr/local/lib/python3.14/site-packages/httpcore/_sync/connection.py", line 124, in _connect
    stream = self._network_backend.connect_tcp(**kwargs)
  File "/usr/local/lib/python3.14/site-packages/httpcore/_backends/sync.py", line 207, in connect_tcp
    with map_exceptions(exc_map):
         ~~~~~~~~~~~~~~^^^^^^^^^
  File "/usr/local/lib/python3.14/contextlib.py", line 162, in __exit__
    self.gen.throw(value)
    ~~~~~~~~~~~~~~^^^^^^^
  File "/usr/local/lib/python3.14/site-packages/httpcore/_exceptions.py", line 14, in map_exceptions
    raise to_exc(exc) from exc
httpcore.ConnectError: [Errno -2] Name or service not known

The above exception was the direct cause of the following exception:

Traceback (most recent call last):
  File "/app/nse_scraper/db/backends.py", line 133, in upsert_stockanalysis_stock
    self.client.table(self.stockanalysis_table).upsert(payload, on_conflict="ticker_symbol").execute()
    ~~~~~~~~~~~~~~~~~~~~~~~~~~~~~~~~~~~~~~~~~~~~~~~~~~~~~~~~~~~~~~~~~~~~~~~~~~~~~~~~~~~~~~~~~~~~~~~~^^
  File "/usr/local/lib/python3.14/site-packages/postgrest/_sync/request_builder.py", line 90, in execute
    r = send_with_retry(self.request)
  File "/usr/local/lib/python3.14/site-packages/postgrest/_sync/request_builder.py", line 51, in send_with_retry
    resp = req.send(headers)
  File "/usr/local/lib/python3.14/site-packages/postgrest/base_request_builder.py", line 90, in send
    return self.session.request(
           ~~~~~~~~~~~~~~~~~~~~^
        self.http_method,
        ^^^^^^^^^^^^^^^^^
    ...<4 lines>...
        auth=self.auth,
        ^^^^^^^^^^^^^^^
    )
    ^
  File "/usr/local/lib/python3.14/site-packages/httpx/_client.py", line 825, in request
    return self.send(request, auth=auth, follow_redirects=follow_redirects)
           ~~~~~~~~~^^^^^^^^^^^^^^^^^^^^^^^^^^^^^^^^^^^^^^^^^^^^^^^^^^^^^^^
  File "/usr/local/lib/python3.14/site-packages/httpx/_client.py", line 914, in send
    response = self._send_handling_auth(
        request,
    ...<2 lines>...
        history=[],
    )
  File "/usr/local/lib/python3.14/site-packages/httpx/_client.py", line 942, in _send_handling_auth
    response = self._send_handling_redirects(
        request,
        follow_redirects=follow_redirects,
        history=history,
    )
  File "/usr/local/lib/python3.14/site-packages/httpx/_client.py", line 979, in _send_handling_redirects
    response = self._send_single_request(request)
  File "/usr/local/lib/python3.14/site-packages/httpx/_client.py", line 1014, in _send_single_request
    response = transport.handle_request(request)
  File "/usr/local/lib/python3.14/site-packages/httpx/_transports/default.py", line 249, in handle_request
    with map_httpcore_exceptions():
         ~~~~~~~~~~~~~~~~~~~~~~~^^
  File "/usr/local/lib/python3.14/contextlib.py", line 162, in __exit__
    self.gen.throw(value)
    ~~~~~~~~~~~~~~^^^^^^^
  File "/usr/local/lib/python3.14/site-packages/httpx/_transports/default.py", line 118, in map_httpcore_exceptions
    raise mapped_exc(message) from exc
httpx.ConnectError: [Errno -2] Name or service not known
2026-07-26 18:25:55 [nse_scraper.db.backends] ERROR: Supabase upsert_stockanalysis_stock failed; writing local fallback
Traceback (most recent call last):
  File "/usr/local/lib/python3.14/site-packages/httpx/_transports/default.py", line 101, in map_httpcore_exceptions
    yield
  File "/usr/local/lib/python3.14/site-packages/httpx/_transports/default.py", line 250, in handle_request
    resp = self._pool.handle_request(req)
  File "/usr/local/lib/python3.14/site-packages/httpcore/_sync/connection_pool.py", line 256, in handle_request
    raise exc from None
  File "/usr/local/lib/python3.14/site-packages/httpcore/_sync/connection_pool.py", line 236, in handle_request
    response = connection.handle_request(
        pool_request.request
    )
  File "/usr/local/lib/python3.14/site-packages/httpcore/_sync/connection.py", line 101, in handle_request
    raise exc
  File "/usr/local/lib/python3.14/site-packages/httpcore/_sync/connection.py", line 78, in handle_request
    stream = self._connect(request)
  File "/usr/local/lib/python3.14/site-packages/httpcore/_sync/connection.py", line 124, in _connect
    stream = self._network_backend.connect_tcp(**kwargs)
  File "/usr/local/lib/python3.14/site-packages/httpcore/_backends/sync.py", line 207, in connect_tcp
    with map_exceptions(exc_map):
         ~~~~~~~~~~~~~~^^^^^^^^^
  File "/usr/local/lib/python3.14/contextlib.py", line 162, in __exit__
    self.gen.throw(value)
    ~~~~~~~~~~~~~~^^^^^^^
  File "/usr/local/lib/python3.14/site-packages/httpcore/_exceptions.py", line 14, in map_exceptions
    raise to_exc(exc) from exc
httpcore.ConnectError: [Errno -2] Name or service not known

The above exception was the direct cause of the following exception:

Traceback (most recent call last):
  File "/app/nse_scraper/db/backends.py", line 133, in upsert_stockanalysis_stock
    self.client.table(self.stockanalysis_table).upsert(payload, on_conflict="ticker_symbol").execute()
    ~~~~~~~~~~~~~~~~~~~~~~~~~~~~~~~~~~~~~~~~~~~~~~~~~~~~~~~~~~~~~~~~~~~~~~~~~~~~~~~~~~~~~~~~~~~~~~~~^^
  File "/usr/local/lib/python3.14/site-packages/postgrest/_sync/request_builder.py", line 90, in execute
    r = send_with_retry(self.request)
  File "/usr/local/lib/python3.14/site-packages/postgrest/_sync/request_builder.py", line 51, in send_with_retry
    resp = req.send(headers)
  File "/usr/local/lib/python3.14/site-packages/postgrest/base_request_builder.py", line 90, in send
    return self.session.request(
           ~~~~~~~~~~~~~~~~~~~~^
        self.http_method,
        ^^^^^^^^^^^^^^^^^
    ...<4 lines>...
        auth=self.auth,
        ^^^^^^^^^^^^^^^
    )
    ^
  File "/usr/local/lib/python3.14/site-packages/httpx/_client.py", line 825, in request
    return self.send(request, auth=auth, follow_redirects=follow_redirects)
           ~~~~~~~~~^^^^^^^^^^^^^^^^^^^^^^^^^^^^^^^^^^^^^^^^^^^^^^^^^^^^^^^
  File "/usr/local/lib/python3.14/site-packages/httpx/_client.py", line 914, in send
    response = self._send_handling_auth(
        request,
    ...<2 lines>...
        history=[],
    )
  File "/usr/local/lib/python3.14/site-packages/httpx/_client.py", line 942, in _send_handling_auth
    response = self._send_handling_redirects(
        request,
        follow_redirects=follow_redirects,
        history=history,
    )
  File "/usr/local/lib/python3.14/site-packages/httpx/_client.py", line 979, in _send_handling_redirects
    response = self._send_single_request(request)
  File "/usr/local/lib/python3.14/site-packages/httpx/_client.py", line 1014, in _send_single_request
    response = transport.handle_request(request)
  File "/usr/local/lib/python3.14/site-packages/httpx/_transports/default.py", line 249, in handle_request
    with map_httpcore_exceptions():
         ~~~~~~~~~~~~~~~~~~~~~~~^^
  File "/usr/local/lib/python3.14/contextlib.py", line 162, in __exit__
    self.gen.throw(value)
    ~~~~~~~~~~~~~~^^^^^^^
  File "/usr/local/lib/python3.14/site-packages/httpx/_transports/default.py", line 118, in map_httpcore_exceptions
    raise mapped_exc(message) from exc
httpx.ConnectError: [Errno -2] Name or service not known
2026-07-26 18:25:55 [nse_scraper.db.backends] ERROR: Supabase upsert_stockanalysis_stock failed; writing local fallback
Traceback (most recent call last):
  File "/usr/local/lib/python3.14/site-packages/httpx/_transports/default.py", line 101, in map_httpcore_exceptions
    yield
  File "/usr/local/lib/python3.14/site-packages/httpx/_transports/default.py", line 250, in handle_request
    resp = self._pool.handle_request(req)
  File "/usr/local/lib/python3.14/site-packages/httpcore/_sync/connection_pool.py", line 256, in handle_request
    raise exc from None
  File "/usr/local/lib/python3.14/site-packages/httpcore/_sync/connection_pool.py", line 236, in handle_request
    response = connection.handle_request(
        pool_request.request
    )
  File "/usr/local/lib/python3.14/site-packages/httpcore/_sync/connection.py", line 101, in handle_request
    raise exc
  File "/usr/local/lib/python3.14/site-packages/httpcore/_sync/connection.py", line 78, in handle_request
    stream = self._connect(request)
  File "/usr/local/lib/python3.14/site-packages/httpcore/_sync/connection.py", line 124, in _connect
    stream = self._network_backend.connect_tcp(**kwargs)
  File "/usr/local/lib/python3.14/site-packages/httpcore/_backends/sync.py", line 207, in connect_tcp
    with map_exceptions(exc_map):
         ~~~~~~~~~~~~~~^^^^^^^^^
  File "/usr/local/lib/python3.14/contextlib.py", line 162, in __exit__
    self.gen.throw(value)
    ~~~~~~~~~~~~~~^^^^^^^
  File "/usr/local/lib/python3.14/site-packages/httpcore/_exceptions.py", line 14, in map_exceptions
    raise to_exc(exc) from exc
httpcore.ConnectError: [Errno -2] Name or service not known

The above exception was the direct cause of the following exception:

Traceback (most recent call last):
  File "/app/nse_scraper/db/backends.py", line 133, in upsert_stockanalysis_stock
    self.client.table(self.stockanalysis_table).upsert(payload, on_conflict="ticker_symbol").execute()
    ~~~~~~~~~~~~~~~~~~~~~~~~~~~~~~~~~~~~~~~~~~~~~~~~~~~~~~~~~~~~~~~~~~~~~~~~~~~~~~~~~~~~~~~~~~~~~~~~^^
  File "/usr/local/lib/python3.14/site-packages/postgrest/_sync/request_builder.py", line 90, in execute
    r = send_with_retry(self.request)
  File "/usr/local/lib/python3.14/site-packages/postgrest/_sync/request_builder.py", line 51, in send_with_retry
    resp = req.send(headers)
  File "/usr/local/lib/python3.14/site-packages/postgrest/base_request_builder.py", line 90, in send
    return self.session.request(
           ~~~~~~~~~~~~~~~~~~~~^
        self.http_method,
        ^^^^^^^^^^^^^^^^^
    ...<4 lines>...
        auth=self.auth,
        ^^^^^^^^^^^^^^^
    )
    ^
  File "/usr/local/lib/python3.14/site-packages/httpx/_client.py", line 825, in request
    return self.send(request, auth=auth, follow_redirects=follow_redirects)
           ~~~~~~~~~^^^^^^^^^^^^^^^^^^^^^^^^^^^^^^^^^^^^^^^^^^^^^^^^^^^^^^^
  File "/usr/local/lib/python3.14/site-packages/httpx/_client.py", line 914, in send
    response = self._send_handling_auth(
        request,
    ...<2 lines>...
        history=[],
    )
  File "/usr/local/lib/python3.14/site-packages/httpx/_client.py", line 942, in _send_handling_auth
    response = self._send_handling_redirects(
        request,
        follow_redirects=follow_redirects,
        history=history,
    )
  File "/usr/local/lib/python3.14/site-packages/httpx/_client.py", line 979, in _send_handling_redirects
    response = self._send_single_request(request)
  File "/usr/local/lib/python3.14/site-packages/httpx/_client.py", line 1014, in _send_single_request
    response = transport.handle_request(request)
  File "/usr/local/lib/python3.14/site-packages/httpx/_transports/default.py", line 249, in handle_request
    with map_httpcore_exceptions():
         ~~~~~~~~~~~~~~~~~~~~~~~^^
  File "/usr/local/lib/python3.14/contextlib.py", line 162, in __exit__
    self.gen.throw(value)
    ~~~~~~~~~~~~~~^^^^^^^
  File "/usr/local/lib/python3.14/site-packages/httpx/_transports/default.py", line 118, in map_httpcore_exceptions
    raise mapped_exc(message) from exc
httpx.ConnectError: [Errno -2] Name or service not known
2026-07-26 18:25:55 [nse_scraper.db.backends] ERROR: Supabase upsert_stockanalysis_stock failed; writing local fallback
Traceback (most recent call last):
  File "/usr/local/lib/python3.14/site-packages/httpx/_transports/default.py", line 101, in map_httpcore_exceptions
    yield
  File "/usr/local/lib/python3.14/site-packages/httpx/_transports/default.py", line 250, in handle_request
    resp = self._pool.handle_request(req)
  File "/usr/local/lib/python3.14/site-packages/httpcore/_sync/connection_pool.py", line 256, in handle_request
    raise exc from None
  File "/usr/local/lib/python3.14/site-packages/httpcore/_sync/connection_pool.py", line 236, in handle_request
    response = connection.handle_request(
        pool_request.request
    )
  File "/usr/local/lib/python3.14/site-packages/httpcore/_sync/connection.py", line 101, in handle_request
    raise exc
  File "/usr/local/lib/python3.14/site-packages/httpcore/_sync/connection.py", line 78, in handle_request
    stream = self._connect(request)
  File "/usr/local/lib/python3.14/site-packages/httpcore/_sync/connection.py", line 124, in _connect
    stream = self._network_backend.connect_tcp(**kwargs)
  File "/usr/local/lib/python3.14/site-packages/httpcore/_backends/sync.py", line 207, in connect_tcp
    with map_exceptions(exc_map):
         ~~~~~~~~~~~~~~^^^^^^^^^
  File "/usr/local/lib/python3.14/contextlib.py", line 162, in __exit__
    self.gen.throw(value)
    ~~~~~~~~~~~~~~^^^^^^^
  File "/usr/local/lib/python3.14/site-packages/httpcore/_exceptions.py", line 14, in map_exceptions
    raise to_exc(exc) from exc
httpcore.ConnectError: [Errno -2] Name or service not known

The above exception was the direct cause of the following exception:

Traceback (most recent call last):
  File "/app/nse_scraper/db/backends.py", line 133, in upsert_stockanalysis_stock
    self.client.table(self.stockanalysis_table).upsert(payload, on_conflict="ticker_symbol").execute()
    ~~~~~~~~~~~~~~~~~~~~~~~~~~~~~~~~~~~~~~~~~~~~~~~~~~~~~~~~~~~~~~~~~~~~~~~~~~~~~~~~~~~~~~~~~~~~~~~~^^
  File "/usr/local/lib/python3.14/site-packages/postgrest/_sync/request_builder.py", line 90, in execute
    r = send_with_retry(self.request)
  File "/usr/local/lib/python3.14/site-packages/postgrest/_sync/request_builder.py", line 51, in send_with_retry
    resp = req.send(headers)
  File "/usr/local/lib/python3.14/site-packages/postgrest/base_request_builder.py", line 90, in send
    return self.session.request(
           ~~~~~~~~~~~~~~~~~~~~^
        self.http_method,
        ^^^^^^^^^^^^^^^^^
    ...<4 lines>...
        auth=self.auth,
        ^^^^^^^^^^^^^^^
    )
    ^
  File "/usr/local/lib/python3.14/site-packages/httpx/_client.py", line 825, in request
    return self.send(request, auth=auth, follow_redirects=follow_redirects)
           ~~~~~~~~~^^^^^^^^^^^^^^^^^^^^^^^^^^^^^^^^^^^^^^^^^^^^^^^^^^^^^^^
  File "/usr/local/lib/python3.14/site-packages/httpx/_client.py", line 914, in send
    response = self._send_handling_auth(
        request,
    ...<2 lines>...
        history=[],
    )
  File "/usr/local/lib/python3.14/site-packages/httpx/_client.py", line 942, in _send_handling_auth
    response = self._send_handling_redirects(
        request,
        follow_redirects=follow_redirects,
        history=history,
    )
  File "/usr/local/lib/python3.14/site-packages/httpx/_client.py", line 979, in _send_handling_redirects
    response = self._send_single_request(request)
  File "/usr/local/lib/python3.14/site-packages/httpx/_client.py", line 1014, in _send_single_request
    response = transport.handle_request(request)
  File "/usr/local/lib/python3.14/site-packages/httpx/_transports/default.py", line 249, in handle_request
    with map_httpcore_exceptions():
         ~~~~~~~~~~~~~~~~~~~~~~~^^
  File "/usr/local/lib/python3.14/contextlib.py", line 162, in __exit__
    self.gen.throw(value)
    ~~~~~~~~~~~~~~^^^^^^^
  File "/usr/local/lib/python3.14/site-packages/httpx/_transports/default.py", line 118, in map_httpcore_exceptions
    raise mapped_exc(message) from exc
httpx.ConnectError: [Errno -2] Name or service not known
2026-07-26 18:25:56 [nse_scraper.db.backends] ERROR: Supabase upsert_stockanalysis_stock failed; writing local fallback
Traceback (most recent call last):
  File "/usr/local/lib/python3.14/site-packages/httpx/_transports/default.py", line 101, in map_httpcore_exceptions
    yield
  File "/usr/local/lib/python3.14/site-packages/httpx/_transports/default.py", line 250, in handle_request
    resp = self._pool.handle_request(req)
  File "/usr/local/lib/python3.14/site-packages/httpcore/_sync/connection_pool.py", line 256, in handle_request
    raise exc from None
  File "/usr/local/lib/python3.14/site-packages/httpcore/_sync/connection_pool.py", line 236, in handle_request
    response = connection.handle_request(
        pool_request.request
    )
  File "/usr/local/lib/python3.14/site-packages/httpcore/_sync/connection.py", line 101, in handle_request
    raise exc
  File "/usr/local/lib/python3.14/site-packages/httpcore/_sync/connection.py", line 78, in handle_request
    stream = self._connect(request)
  File "/usr/local/lib/python3.14/site-packages/httpcore/_sync/connection.py", line 124, in _connect
    stream = self._network_backend.connect_tcp(**kwargs)
  File "/usr/local/lib/python3.14/site-packages/httpcore/_backends/sync.py", line 207, in connect_tcp
    with map_exceptions(exc_map):
         ~~~~~~~~~~~~~~^^^^^^^^^
  File "/usr/local/lib/python3.14/contextlib.py", line 162, in __exit__
    self.gen.throw(value)
    ~~~~~~~~~~~~~~^^^^^^^
  File "/usr/local/lib/python3.14/site-packages/httpcore/_exceptions.py", line 14, in map_exceptions
    raise to_exc(exc) from exc
httpcore.ConnectError: [Errno -2] Name or service not known

The above exception was the direct cause of the following exception:

Traceback (most recent call last):
  File "/app/nse_scraper/db/backends.py", line 133, in upsert_stockanalysis_stock
    self.client.table(self.stockanalysis_table).upsert(payload, on_conflict="ticker_symbol").execute()
    ~~~~~~~~~~~~~~~~~~~~~~~~~~~~~~~~~~~~~~~~~~~~~~~~~~~~~~~~~~~~~~~~~~~~~~~~~~~~~~~~~~~~~~~~~~~~~~~~^^
  File "/usr/local/lib/python3.14/site-packages/postgrest/_sync/request_builder.py", line 90, in execute
    r = send_with_retry(self.request)
  File "/usr/local/lib/python3.14/site-packages/postgrest/_sync/request_builder.py", line 51, in send_with_retry
    resp = req.send(headers)
  File "/usr/local/lib/python3.14/site-packages/postgrest/base_request_builder.py", line 90, in send
    return self.session.request(
           ~~~~~~~~~~~~~~~~~~~~^
        self.http_method,
        ^^^^^^^^^^^^^^^^^
    ...<4 lines>...
        auth=self.auth,
        ^^^^^^^^^^^^^^^
    )
    ^
  File "/usr/local/lib/python3.14/site-packages/httpx/_client.py", line 825, in request
    return self.send(request, auth=auth, follow_redirects=follow_redirects)
           ~~~~~~~~~^^^^^^^^^^^^^^^^^^^^^^^^^^^^^^^^^^^^^^^^^^^^^^^^^^^^^^^
  File "/usr/local/lib/python3.14/site-packages/httpx/_client.py", line 914, in send
    response = self._send_handling_auth(
        request,
    ...<2 lines>...
        history=[],
    )
  File "/usr/local/lib/python3.14/site-packages/httpx/_client.py", line 942, in _send_handling_auth
    response = self._send_handling_redirects(
        request,
        follow_redirects=follow_redirects,
        history=history,
    )
  File "/usr/local/lib/python3.14/site-packages/httpx/_client.py", line 979, in _send_handling_redirects
    response = self._send_single_request(request)
  File "/usr/local/lib/python3.14/site-packages/httpx/_client.py", line 1014, in _send_single_request
    response = transport.handle_request(request)
  File "/usr/local/lib/python3.14/site-packages/httpx/_transports/default.py", line 249, in handle_request
    with map_httpcore_exceptions():
         ~~~~~~~~~~~~~~~~~~~~~~~^^
  File "/usr/local/lib/python3.14/contextlib.py", line 162, in __exit__
    self.gen.throw(value)
    ~~~~~~~~~~~~~~^^^^^^^
  File "/usr/local/lib/python3.14/site-packages/httpx/_transports/default.py", line 118, in map_httpcore_exceptions
    raise mapped_exc(message) from exc
httpx.ConnectError: [Errno -2] Name or service not known
2026-07-26 18:25:56 [nse_scraper.db.backends] ERROR: Supabase upsert_stockanalysis_stock failed; writing local fallback
Traceback (most recent call last):
  File "/usr/local/lib/python3.14/site-packages/httpx/_transports/default.py", line 101, in map_httpcore_exceptions
    yield
  File "/usr/local/lib/python3.14/site-packages/httpx/_transports/default.py", line 250, in handle_request
    resp = self._pool.handle_request(req)
  File "/usr/local/lib/python3.14/site-packages/httpcore/_sync/connection_pool.py", line 256, in handle_request
    raise exc from None
  File "/usr/local/lib/python3.14/site-packages/httpcore/_sync/connection_pool.py", line 236, in handle_request
    response = connection.handle_request(
        pool_request.request
    )
  File "/usr/local/lib/python3.14/site-packages/httpcore/_sync/connection.py", line 101, in handle_request
    raise exc
  File "/usr/local/lib/python3.14/site-packages/httpcore/_sync/connection.py", line 78, in handle_request
    stream = self._connect(request)
  File "/usr/local/lib/python3.14/site-packages/httpcore/_sync/connection.py", line 124, in _connect
    stream = self._network_backend.connect_tcp(**kwargs)
  File "/usr/local/lib/python3.14/site-packages/httpcore/_backends/sync.py", line 207, in connect_tcp
    with map_exceptions(exc_map):
         ~~~~~~~~~~~~~~^^^^^^^^^
  File "/usr/local/lib/python3.14/contextlib.py", line 162, in __exit__
    self.gen.throw(value)
    ~~~~~~~~~~~~~~^^^^^^^
  File "/usr/local/lib/python3.14/site-packages/httpcore/_exceptions.py", line 14, in map_exceptions
    raise to_exc(exc) from exc
httpcore.ConnectError: [Errno -2] Name or service not known

The above exception was the direct cause of the following exception:

Traceback (most recent call last):
  File "/app/nse_scraper/db/backends.py", line 133, in upsert_stockanalysis_stock
    self.client.table(self.stockanalysis_table).upsert(payload, on_conflict="ticker_symbol").execute()
    ~~~~~~~~~~~~~~~~~~~~~~~~~~~~~~~~~~~~~~~~~~~~~~~~~~~~~~~~~~~~~~~~~~~~~~~~~~~~~~~~~~~~~~~~~~~~~~~~^^
  File "/usr/local/lib/python3.14/site-packages/postgrest/_sync/request_builder.py", line 90, in execute
    r = send_with_retry(self.request)
  File "/usr/local/lib/python3.14/site-packages/postgrest/_sync/request_builder.py", line 51, in send_with_retry
    resp = req.send(headers)
  File "/usr/local/lib/python3.14/site-packages/postgrest/base_request_builder.py", line 90, in send
    return self.session.request(
           ~~~~~~~~~~~~~~~~~~~~^
        self.http_method,
        ^^^^^^^^^^^^^^^^^
    ...<4 lines>...
        auth=self.auth,
        ^^^^^^^^^^^^^^^
    )
    ^
  File "/usr/local/lib/python3.14/site-packages/httpx/_client.py", line 825, in request
    return self.send(request, auth=auth, follow_redirects=follow_redirects)
           ~~~~~~~~~^^^^^^^^^^^^^^^^^^^^^^^^^^^^^^^^^^^^^^^^^^^^^^^^^^^^^^^
  File "/usr/local/lib/python3.14/site-packages/httpx/_client.py", line 914, in send
    response = self._send_handling_auth(
        request,
    ...<2 lines>...
        history=[],
    )
  File "/usr/local/lib/python3.14/site-packages/httpx/_client.py", line 942, in _send_handling_auth
    response = self._send_handling_redirects(
        request,
        follow_redirects=follow_redirects,
        history=history,
    )
  File "/usr/local/lib/python3.14/site-packages/httpx/_client.py", line 979, in _send_handling_redirects
    response = self._send_single_request(request)
  File "/usr/local/lib/python3.14/site-packages/httpx/_client.py", line 1014, in _send_single_request
    response = transport.handle_request(request)
  File "/usr/local/lib/python3.14/site-packages/httpx/_transports/default.py", line 249, in handle_request
    with map_httpcore_exceptions():
         ~~~~~~~~~~~~~~~~~~~~~~~^^
  File "/usr/local/lib/python3.14/contextlib.py", line 162, in __exit__
    self.gen.throw(value)
    ~~~~~~~~~~~~~~^^^^^^^
  File "/usr/local/lib/python3.14/site-packages/httpx/_transports/default.py", line 118, in map_httpcore_exceptions
    raise mapped_exc(message) from exc
httpx.ConnectError: [Errno -2] Name or service not known
2026-07-26 18:25:56 [nse_scraper.db.backends] ERROR: Supabase upsert_stockanalysis_stock failed; writing local fallback
Traceback (most recent call last):
  File "/usr/local/lib/python3.14/site-packages/httpx/_transports/default.py", line 101, in map_httpcore_exceptions
    yield
  File "/usr/local/lib/python3.14/site-packages/httpx/_transports/default.py", line 250, in handle_request
    resp = self._pool.handle_request(req)
  File "/usr/local/lib/python3.14/site-packages/httpcore/_sync/connection_pool.py", line 256, in handle_request
    raise exc from None
  File "/usr/local/lib/python3.14/site-packages/httpcore/_sync/connection_pool.py", line 236, in handle_request
    response = connection.handle_request(
        pool_request.request
    )
  File "/usr/local/lib/python3.14/site-packages/httpcore/_sync/connection.py", line 101, in handle_request
    raise exc
  File "/usr/local/lib/python3.14/site-packages/httpcore/_sync/connection.py", line 78, in handle_request
    stream = self._connect(request)
  File "/usr/local/lib/python3.14/site-packages/httpcore/_sync/connection.py", line 124, in _connect
    stream = self._network_backend.connect_tcp(**kwargs)
  File "/usr/local/lib/python3.14/site-packages/httpcore/_backends/sync.py", line 207, in connect_tcp
    with map_exceptions(exc_map):
         ~~~~~~~~~~~~~~^^^^^^^^^
  File "/usr/local/lib/python3.14/contextlib.py", line 162, in __exit__
    self.gen.throw(value)
    ~~~~~~~~~~~~~~^^^^^^^
  File "/usr/local/lib/python3.14/site-packages/httpcore/_exceptions.py", line 14, in map_exceptions
    raise to_exc(exc) from exc
httpcore.ConnectError: [Errno -2] Name or service not known

The above exception was the direct cause of the following exception:

Traceback (most recent call last):
  File "/app/nse_scraper/db/backends.py", line 133, in upsert_stockanalysis_stock
    self.client.table(self.stockanalysis_table).upsert(payload, on_conflict="ticker_symbol").execute()
    ~~~~~~~~~~~~~~~~~~~~~~~~~~~~~~~~~~~~~~~~~~~~~~~~~~~~~~~~~~~~~~~~~~~~~~~~~~~~~~~~~~~~~~~~~~~~~~~~^^
  File "/usr/local/lib/python3.14/site-packages/postgrest/_sync/request_builder.py", line 90, in execute
    r = send_with_retry(self.request)
  File "/usr/local/lib/python3.14/site-packages/postgrest/_sync/request_builder.py", line 51, in send_with_retry
    resp = req.send(headers)
  File "/usr/local/lib/python3.14/site-packages/postgrest/base_request_builder.py", line 90, in send
    return self.session.request(
           ~~~~~~~~~~~~~~~~~~~~^
        self.http_method,
        ^^^^^^^^^^^^^^^^^
    ...<4 lines>...
        auth=self.auth,
        ^^^^^^^^^^^^^^^
    )
    ^
  File "/usr/local/lib/python3.14/site-packages/httpx/_client.py", line 825, in request
    return self.send(request, auth=auth, follow_redirects=follow_redirects)
           ~~~~~~~~~^^^^^^^^^^^^^^^^^^^^^^^^^^^^^^^^^^^^^^^^^^^^^^^^^^^^^^^
  File "/usr/local/lib/python3.14/site-packages/httpx/_client.py", line 914, in send
    response = self._send_handling_auth(
        request,
    ...<2 lines>...
        history=[],
    )
  File "/usr/local/lib/python3.14/site-packages/httpx/_client.py", line 942, in _send_handling_auth
    response = self._send_handling_redirects(
        request,
        follow_redirects=follow_redirects,
        history=history,
    )
  File "/usr/local/lib/python3.14/site-packages/httpx/_client.py", line 979, in _send_handling_redirects
    response = self._send_single_request(request)
  File "/usr/local/lib/python3.14/site-packages/httpx/_client.py", line 1014, in _send_single_request
    response = transport.handle_request(request)
  File "/usr/local/lib/python3.14/site-packages/httpx/_transports/default.py", line 249, in handle_request
    with map_httpcore_exceptions():
         ~~~~~~~~~~~~~~~~~~~~~~~^^
  File "/usr/local/lib/python3.14/contextlib.py", line 162, in __exit__
    self.gen.throw(value)
    ~~~~~~~~~~~~~~^^^^^^^
  File "/usr/local/lib/python3.14/site-packages/httpx/_transports/default.py", line 118, in map_httpcore_exceptions
    raise mapped_exc(message) from exc
httpx.ConnectError: [Errno -2] Name or service not known
2026-07-26 18:25:56 [nse_scraper.db.backends] ERROR: Supabase upsert_stockanalysis_stock failed; writing local fallback
Traceback (most recent call last):
  File "/usr/local/lib/python3.14/site-packages/httpx/_transports/default.py", line 101, in map_httpcore_exceptions
    yield
  File "/usr/local/lib/python3.14/site-packages/httpx/_transports/default.py", line 250, in handle_request
    resp = self._pool.handle_request(req)
  File "/usr/local/lib/python3.14/site-packages/httpcore/_sync/connection_pool.py", line 256, in handle_request
    raise exc from None
  File "/usr/local/lib/python3.14/site-packages/httpcore/_sync/connection_pool.py", line 236, in handle_request
    response = connection.handle_request(
        pool_request.request
    )
  File "/usr/local/lib/python3.14/site-packages/httpcore/_sync/connection.py", line 101, in handle_request
    raise exc
  File "/usr/local/lib/python3.14/site-packages/httpcore/_sync/connection.py", line 78, in handle_request
    stream = self._connect(request)
  File "/usr/local/lib/python3.14/site-packages/httpcore/_sync/connection.py", line 124, in _connect
    stream = self._network_backend.connect_tcp(**kwargs)
  File "/usr/local/lib/python3.14/site-packages/httpcore/_backends/sync.py", line 207, in connect_tcp
    with map_exceptions(exc_map):
         ~~~~~~~~~~~~~~^^^^^^^^^
  File "/usr/local/lib/python3.14/contextlib.py", line 162, in __exit__
    self.gen.throw(value)
    ~~~~~~~~~~~~~~^^^^^^^
  File "/usr/local/lib/python3.14/site-packages/httpcore/_exceptions.py", line 14, in map_exceptions
    raise to_exc(exc) from exc
httpcore.ConnectError: [Errno -2] Name or service not known

The above exception was the direct cause of the following exception:

Traceback (most recent call last):
  File "/app/nse_scraper/db/backends.py", line 133, in upsert_stockanalysis_stock
    self.client.table(self.stockanalysis_table).upsert(payload, on_conflict="ticker_symbol").execute()
    ~~~~~~~~~~~~~~~~~~~~~~~~~~~~~~~~~~~~~~~~~~~~~~~~~~~~~~~~~~~~~~~~~~~~~~~~~~~~~~~~~~~~~~~~~~~~~~~~^^
  File "/usr/local/lib/python3.14/site-packages/postgrest/_sync/request_builder.py", line 90, in execute
    r = send_with_retry(self.request)
  File "/usr/local/lib/python3.14/site-packages/postgrest/_sync/request_builder.py", line 51, in send_with_retry
    resp = req.send(headers)
  File "/usr/local/lib/python3.14/site-packages/postgrest/base_request_builder.py", line 90, in send
    return self.session.request(
           ~~~~~~~~~~~~~~~~~~~~^
        self.http_method,
        ^^^^^^^^^^^^^^^^^
    ...<4 lines>...
        auth=self.auth,
        ^^^^^^^^^^^^^^^
    )
    ^
  File "/usr/local/lib/python3.14/site-packages/httpx/_client.py", line 825, in request
    return self.send(request, auth=auth, follow_redirects=follow_redirects)
           ~~~~~~~~~^^^^^^^^^^^^^^^^^^^^^^^^^^^^^^^^^^^^^^^^^^^^^^^^^^^^^^^
  File "/usr/local/lib/python3.14/site-packages/httpx/_client.py", line 914, in send
    response = self._send_handling_auth(
        request,
    ...<2 lines>...
        history=[],
    )
  File "/usr/local/lib/python3.14/site-packages/httpx/_client.py", line 942, in _send_handling_auth
    response = self._send_handling_redirects(
        request,
        follow_redirects=follow_redirects,
        history=history,
    )
  File "/usr/local/lib/python3.14/site-packages/httpx/_client.py", line 979, in _send_handling_redirects
    response = self._send_single_request(request)
  File "/usr/local/lib/python3.14/site-packages/httpx/_client.py", line 1014, in _send_single_request
    response = transport.handle_request(request)
  File "/usr/local/lib/python3.14/site-packages/httpx/_transports/default.py", line 249, in handle_request
    with map_httpcore_exceptions():
         ~~~~~~~~~~~~~~~~~~~~~~~^^
  File "/usr/local/lib/python3.14/contextlib.py", line 162, in __exit__
    self.gen.throw(value)
    ~~~~~~~~~~~~~~^^^^^^^
  File "/usr/local/lib/python3.14/site-packages/httpx/_transports/default.py", line 118, in map_httpcore_exceptions
    raise mapped_exc(message) from exc
httpx.ConnectError: [Errno -2] Name or service not known
2026-07-26 18:25:56 [nse_scraper.db.backends] ERROR: Supabase upsert_stockanalysis_stock failed; writing local fallback
Traceback (most recent call last):
  File "/usr/local/lib/python3.14/site-packages/httpx/_transports/default.py", line 101, in map_httpcore_exceptions
    yield
  File "/usr/local/lib/python3.14/site-packages/httpx/_transports/default.py", line 250, in handle_request
    resp = self._pool.handle_request(req)
  File "/usr/local/lib/python3.14/site-packages/httpcore/_sync/connection_pool.py", line 256, in handle_request
    raise exc from None
  File "/usr/local/lib/python3.14/site-packages/httpcore/_sync/connection_pool.py", line 236, in handle_request
    response = connection.handle_request(
        pool_request.request
    )
  File "/usr/local/lib/python3.14/site-packages/httpcore/_sync/connection.py", line 101, in handle_request
    raise exc
  File "/usr/local/lib/python3.14/site-packages/httpcore/_sync/connection.py", line 78, in handle_request
    stream = self._connect(request)
  File "/usr/local/lib/python3.14/site-packages/httpcore/_sync/connection.py", line 124, in _connect
    stream = self._network_backend.connect_tcp(**kwargs)
  File "/usr/local/lib/python3.14/site-packages/httpcore/_backends/sync.py", line 207, in connect_tcp
    with map_exceptions(exc_map):
         ~~~~~~~~~~~~~~^^^^^^^^^
  File "/usr/local/lib/python3.14/contextlib.py", line 162, in __exit__
    self.gen.throw(value)
    ~~~~~~~~~~~~~~^^^^^^^
  File "/usr/local/lib/python3.14/site-packages/httpcore/_exceptions.py", line 14, in map_exceptions
    raise to_exc(exc) from exc
httpcore.ConnectError: [Errno -2] Name or service not known

The above exception was the direct cause of the following exception:

Traceback (most recent call last):
  File "/app/nse_scraper/db/backends.py", line 133, in upsert_stockanalysis_stock
    self.client.table(self.stockanalysis_table).upsert(payload, on_conflict="ticker_symbol").execute()
    ~~~~~~~~~~~~~~~~~~~~~~~~~~~~~~~~~~~~~~~~~~~~~~~~~~~~~~~~~~~~~~~~~~~~~~~~~~~~~~~~~~~~~~~~~~~~~~~~^^
  File "/usr/local/lib/python3.14/site-packages/postgrest/_sync/request_builder.py", line 90, in execute
    r = send_with_retry(self.request)
  File "/usr/local/lib/python3.14/site-packages/postgrest/_sync/request_builder.py", line 51, in send_with_retry
    resp = req.send(headers)
  File "/usr/local/lib/python3.14/site-packages/postgrest/base_request_builder.py", line 90, in send
    return self.session.request(
           ~~~~~~~~~~~~~~~~~~~~^
        self.http_method,
        ^^^^^^^^^^^^^^^^^
    ...<4 lines>...
        auth=self.auth,
        ^^^^^^^^^^^^^^^
    )
    ^
  File "/usr/local/lib/python3.14/site-packages/httpx/_client.py", line 825, in request
    return self.send(request, auth=auth, follow_redirects=follow_redirects)
           ~~~~~~~~~^^^^^^^^^^^^^^^^^^^^^^^^^^^^^^^^^^^^^^^^^^^^^^^^^^^^^^^
  File "/usr/local/lib/python3.14/site-packages/httpx/_client.py", line 914, in send
    response = self._send_handling_auth(
        request,
    ...<2 lines>...
        history=[],
    )
  File "/usr/local/lib/python3.14/site-packages/httpx/_client.py", line 942, in _send_handling_auth
    response = self._send_handling_redirects(
        request,
        follow_redirects=follow_redirects,
        history=history,
    )
  File "/usr/local/lib/python3.14/site-packages/httpx/_client.py", line 979, in _send_handling_redirects
    response = self._send_single_request(request)
  File "/usr/local/lib/python3.14/site-packages/httpx/_client.py", line 1014, in _send_single_request
    response = transport.handle_request(request)
  File "/usr/local/lib/python3.14/site-packages/httpx/_transports/default.py", line 249, in handle_request
    with map_httpcore_exceptions():
         ~~~~~~~~~~~~~~~~~~~~~~~^^
  File "/usr/local/lib/python3.14/contextlib.py", line 162, in __exit__
    self.gen.throw(value)
    ~~~~~~~~~~~~~~^^^^^^^
  File "/usr/local/lib/python3.14/site-packages/httpx/_transports/default.py", line 118, in map_httpcore_exceptions
    raise mapped_exc(message) from exc
httpx.ConnectError: [Errno -2] Name or service not known
2026-07-26 18:25:56 [nse_scraper.db.backends] ERROR: Supabase upsert_stockanalysis_stock failed; writing local fallback
Traceback (most recent call last):
  File "/usr/local/lib/python3.14/site-packages/httpx/_transports/default.py", line 101, in map_httpcore_exceptions
    yield
  File "/usr/local/lib/python3.14/site-packages/httpx/_transports/default.py", line 250, in handle_request
    resp = self._pool.handle_request(req)
  File "/usr/local/lib/python3.14/site-packages/httpcore/_sync/connection_pool.py", line 256, in handle_request
    raise exc from None
  File "/usr/local/lib/python3.14/site-packages/httpcore/_sync/connection_pool.py", line 236, in handle_request
    response = connection.handle_request(
        pool_request.request
    )
  File "/usr/local/lib/python3.14/site-packages/httpcore/_sync/connection.py", line 101, in handle_request
    raise exc
  File "/usr/local/lib/python3.14/site-packages/httpcore/_sync/connection.py", line 78, in handle_request
    stream = self._connect(request)
  File "/usr/local/lib/python3.14/site-packages/httpcore/_sync/connection.py", line 124, in _connect
    stream = self._network_backend.connect_tcp(**kwargs)
  File "/usr/local/lib/python3.14/site-packages/httpcore/_backends/sync.py", line 207, in connect_tcp
    with map_exceptions(exc_map):
         ~~~~~~~~~~~~~~^^^^^^^^^
  File "/usr/local/lib/python3.14/contextlib.py", line 162, in __exit__
    self.gen.throw(value)
    ~~~~~~~~~~~~~~^^^^^^^
  File "/usr/local/lib/python3.14/site-packages/httpcore/_exceptions.py", line 14, in map_exceptions
    raise to_exc(exc) from exc
httpcore.ConnectError: [Errno -2] Name or service not known

The above exception was the direct cause of the following exception:

Traceback (most recent call last):
  File "/app/nse_scraper/db/backends.py", line 133, in upsert_stockanalysis_stock
    self.client.table(self.stockanalysis_table).upsert(payload, on_conflict="ticker_symbol").execute()
    ~~~~~~~~~~~~~~~~~~~~~~~~~~~~~~~~~~~~~~~~~~~~~~~~~~~~~~~~~~~~~~~~~~~~~~~~~~~~~~~~~~~~~~~~~~~~~~~~^^
  File "/usr/local/lib/python3.14/site-packages/postgrest/_sync/request_builder.py", line 90, in execute
    r = send_with_retry(self.request)
  File "/usr/local/lib/python3.14/site-packages/postgrest/_sync/request_builder.py", line 51, in send_with_retry
    resp = req.send(headers)
  File "/usr/local/lib/python3.14/site-packages/postgrest/base_request_builder.py", line 90, in send
    return self.session.request(
           ~~~~~~~~~~~~~~~~~~~~^
        self.http_method,
        ^^^^^^^^^^^^^^^^^
    ...<4 lines>...
        auth=self.auth,
        ^^^^^^^^^^^^^^^
    )
    ^
  File "/usr/local/lib/python3.14/site-packages/httpx/_client.py", line 825, in request
    return self.send(request, auth=auth, follow_redirects=follow_redirects)
           ~~~~~~~~~^^^^^^^^^^^^^^^^^^^^^^^^^^^^^^^^^^^^^^^^^^^^^^^^^^^^^^^
  File "/usr/local/lib/python3.14/site-packages/httpx/_client.py", line 914, in send
    response = self._send_handling_auth(
        request,
    ...<2 lines>...
        history=[],
    )
  File "/usr/local/lib/python3.14/site-packages/httpx/_client.py", line 942, in _send_handling_auth
    response = self._send_handling_redirects(
        request,
        follow_redirects=follow_redirects,
        history=history,
    )
  File "/usr/local/lib/python3.14/site-packages/httpx/_client.py", line 979, in _send_handling_redirects
    response = self._send_single_request(request)
  File "/usr/local/lib/python3.14/site-packages/httpx/_client.py", line 1014, in _send_single_request
    response = transport.handle_request(request)
  File "/usr/local/lib/python3.14/site-packages/httpx/_transports/default.py", line 249, in handle_request
    with map_httpcore_exceptions():
         ~~~~~~~~~~~~~~~~~~~~~~~^^
  File "/usr/local/lib/python3.14/contextlib.py", line 162, in __exit__
    self.gen.throw(value)
    ~~~~~~~~~~~~~~^^^^^^^
  File "/usr/local/lib/python3.14/site-packages/httpx/_transports/default.py", line 118, in map_httpcore_exceptions
    raise mapped_exc(message) from exc
httpx.ConnectError: [Errno -2] Name or service not known
2026-07-26 18:25:56 [nse_scraper.db.backends] ERROR: Supabase upsert_stockanalysis_stock failed; writing local fallback
Traceback (most recent call last):
  File "/usr/local/lib/python3.14/site-packages/httpx/_transports/default.py", line 101, in map_httpcore_exceptions
    yield
  File "/usr/local/lib/python3.14/site-packages/httpx/_transports/default.py", line 250, in handle_request
    resp = self._pool.handle_request(req)
  File "/usr/local/lib/python3.14/site-packages/httpcore/_sync/connection_pool.py", line 256, in handle_request
    raise exc from None
  File "/usr/local/lib/python3.14/site-packages/httpcore/_sync/connection_pool.py", line 236, in handle_request
    response = connection.handle_request(
        pool_request.request
    )
  File "/usr/local/lib/python3.14/site-packages/httpcore/_sync/connection.py", line 101, in handle_request
    raise exc
  File "/usr/local/lib/python3.14/site-packages/httpcore/_sync/connection.py", line 78, in handle_request
    stream = self._connect(request)
  File "/usr/local/lib/python3.14/site-packages/httpcore/_sync/connection.py", line 124, in _connect
    stream = self._network_backend.connect_tcp(**kwargs)
  File "/usr/local/lib/python3.14/site-packages/httpcore/_backends/sync.py", line 207, in connect_tcp
    with map_exceptions(exc_map):
         ~~~~~~~~~~~~~~^^^^^^^^^
  File "/usr/local/lib/python3.14/contextlib.py", line 162, in __exit__
    self.gen.throw(value)
    ~~~~~~~~~~~~~~^^^^^^^
  File "/usr/local/lib/python3.14/site-packages/httpcore/_exceptions.py", line 14, in map_exceptions
    raise to_exc(exc) from exc
httpcore.ConnectError: [Errno -2] Name or service not known

The above exception was the direct cause of the following exception:

Traceback (most recent call last):
  File "/app/nse_scraper/db/backends.py", line 133, in upsert_stockanalysis_stock
    self.client.table(self.stockanalysis_table).upsert(payload, on_conflict="ticker_symbol").execute()
    ~~~~~~~~~~~~~~~~~~~~~~~~~~~~~~~~~~~~~~~~~~~~~~~~~~~~~~~~~~~~~~~~~~~~~~~~~~~~~~~~~~~~~~~~~~~~~~~~^^
  File "/usr/local/lib/python3.14/site-packages/postgrest/_sync/request_builder.py", line 90, in execute
    r = send_with_retry(self.request)
  File "/usr/local/lib/python3.14/site-packages/postgrest/_sync/request_builder.py", line 51, in send_with_retry
    resp = req.send(headers)
  File "/usr/local/lib/python3.14/site-packages/postgrest/base_request_builder.py", line 90, in send
    return self.session.request(
           ~~~~~~~~~~~~~~~~~~~~^
        self.http_method,
        ^^^^^^^^^^^^^^^^^
    ...<4 lines>...
        auth=self.auth,
        ^^^^^^^^^^^^^^^
    )
    ^
  File "/usr/local/lib/python3.14/site-packages/httpx/_client.py", line 825, in request
    return self.send(request, auth=auth, follow_redirects=follow_redirects)
           ~~~~~~~~~^^^^^^^^^^^^^^^^^^^^^^^^^^^^^^^^^^^^^^^^^^^^^^^^^^^^^^^
  File "/usr/local/lib/python3.14/site-packages/httpx/_client.py", line 914, in send
    response = self._send_handling_auth(
        request,
    ...<2 lines>...
        history=[],
    )
  File "/usr/local/lib/python3.14/site-packages/httpx/_client.py", line 942, in _send_handling_auth
    response = self._send_handling_redirects(
        request,
        follow_redirects=follow_redirects,
        history=history,
    )
  File "/usr/local/lib/python3.14/site-packages/httpx/_client.py", line 979, in _send_handling_redirects
    response = self._send_single_request(request)
  File "/usr/local/lib/python3.14/site-packages/httpx/_client.py", line 1014, in _send_single_request
    response = transport.handle_request(request)
  File "/usr/local/lib/python3.14/site-packages/httpx/_transports/default.py", line 249, in handle_request
    with map_httpcore_exceptions():
         ~~~~~~~~~~~~~~~~~~~~~~~^^
  File "/usr/local/lib/python3.14/contextlib.py", line 162, in __exit__
    self.gen.throw(value)
    ~~~~~~~~~~~~~~^^^^^^^
  File "/usr/local/lib/python3.14/site-packages/httpx/_transports/default.py", line 118, in map_httpcore_exceptions
    raise mapped_exc(message) from exc
httpx.ConnectError: [Errno -2] Name or service not known
2026-07-26 18:25:56 [nse_scraper.db.backends] ERROR: Supabase upsert_stockanalysis_stock failed; writing local fallback
Traceback (most recent call last):
  File "/usr/local/lib/python3.14/site-packages/httpx/_transports/default.py", line 101, in map_httpcore_exceptions
    yield
  File "/usr/local/lib/python3.14/site-packages/httpx/_transports/default.py", line 250, in handle_request
    resp = self._pool.handle_request(req)
  File "/usr/local/lib/python3.14/site-packages/httpcore/_sync/connection_pool.py", line 256, in handle_request
    raise exc from None
  File "/usr/local/lib/python3.14/site-packages/httpcore/_sync/connection_pool.py", line 236, in handle_request
    response = connection.handle_request(
        pool_request.request
    )
  File "/usr/local/lib/python3.14/site-packages/httpcore/_sync/connection.py", line 101, in handle_request
    raise exc
  File "/usr/local/lib/python3.14/site-packages/httpcore/_sync/connection.py", line 78, in handle_request
    stream = self._connect(request)
  File "/usr/local/lib/python3.14/site-packages/httpcore/_sync/connection.py", line 124, in _connect
    stream = self._network_backend.connect_tcp(**kwargs)
  File "/usr/local/lib/python3.14/site-packages/httpcore/_backends/sync.py", line 207, in connect_tcp
    with map_exceptions(exc_map):
         ~~~~~~~~~~~~~~^^^^^^^^^
  File "/usr/local/lib/python3.14/contextlib.py", line 162, in __exit__
    self.gen.throw(value)
    ~~~~~~~~~~~~~~^^^^^^^
  File "/usr/local/lib/python3.14/site-packages/httpcore/_exceptions.py", line 14, in map_exceptions
    raise to_exc(exc) from exc
httpcore.ConnectError: [Errno -2] Name or service not known

The above exception was the direct cause of the following exception:

Traceback (most recent call last):
  File "/app/nse_scraper/db/backends.py", line 133, in upsert_stockanalysis_stock
    self.client.table(self.stockanalysis_table).upsert(payload, on_conflict="ticker_symbol").execute()
    ~~~~~~~~~~~~~~~~~~~~~~~~~~~~~~~~~~~~~~~~~~~~~~~~~~~~~~~~~~~~~~~~~~~~~~~~~~~~~~~~~~~~~~~~~~~~~~~~^^
  File "/usr/local/lib/python3.14/site-packages/postgrest/_sync/request_builder.py", line 90, in execute
    r = send_with_retry(self.request)
  File "/usr/local/lib/python3.14/site-packages/postgrest/_sync/request_builder.py", line 51, in send_with_retry
    resp = req.send(headers)
  File "/usr/local/lib/python3.14/site-packages/postgrest/base_request_builder.py", line 90, in send
    return self.session.request(
           ~~~~~~~~~~~~~~~~~~~~^
        self.http_method,
        ^^^^^^^^^^^^^^^^^
    ...<4 lines>...
        auth=self.auth,
        ^^^^^^^^^^^^^^^
    )
    ^
  File "/usr/local/lib/python3.14/site-packages/httpx/_client.py", line 825, in request
    return self.send(request, auth=auth, follow_redirects=follow_redirects)
           ~~~~~~~~~^^^^^^^^^^^^^^^^^^^^^^^^^^^^^^^^^^^^^^^^^^^^^^^^^^^^^^^
  File "/usr/local/lib/python3.14/site-packages/httpx/_client.py", line 914, in send
    response = self._send_handling_auth(
        request,
    ...<2 lines>...
        history=[],
    )
  File "/usr/local/lib/python3.14/site-packages/httpx/_client.py", line 942, in _send_handling_auth
    response = self._send_handling_redirects(
        request,
        follow_redirects=follow_redirects,
        history=history,
    )
  File "/usr/local/lib/python3.14/site-packages/httpx/_client.py", line 979, in _send_handling_redirects
    response = self._send_single_request(request)
  File "/usr/local/lib/python3.14/site-packages/httpx/_client.py", line 1014, in _send_single_request
    response = transport.handle_request(request)
  File "/usr/local/lib/python3.14/site-packages/httpx/_transports/default.py", line 249, in handle_request
    with map_httpcore_exceptions():
         ~~~~~~~~~~~~~~~~~~~~~~~^^
  File "/usr/local/lib/python3.14/contextlib.py", line 162, in __exit__
    self.gen.throw(value)
    ~~~~~~~~~~~~~~^^^^^^^
  File "/usr/local/lib/python3.14/site-packages/httpx/_transports/default.py", line 118, in map_httpcore_exceptions
    raise mapped_exc(message) from exc
httpx.ConnectError: [Errno -2] Name or service not known
2026-07-26 18:25:56 [nse_scraper.db.backends] ERROR: Supabase upsert_stockanalysis_stock failed; writing local fallback
Traceback (most recent call last):
  File "/usr/local/lib/python3.14/site-packages/httpx/_transports/default.py", line 101, in map_httpcore_exceptions
    yield
  File "/usr/local/lib/python3.14/site-packages/httpx/_transports/default.py", line 250, in handle_request
    resp = self._pool.handle_request(req)
  File "/usr/local/lib/python3.14/site-packages/httpcore/_sync/connection_pool.py", line 256, in handle_request
    raise exc from None
  File "/usr/local/lib/python3.14/site-packages/httpcore/_sync/connection_pool.py", line 236, in handle_request
    response = connection.handle_request(
        pool_request.request
    )
  File "/usr/local/lib/python3.14/site-packages/httpcore/_sync/connection.py", line 101, in handle_request
    raise exc
  File "/usr/local/lib/python3.14/site-packages/httpcore/_sync/connection.py", line 78, in handle_request
    stream = self._connect(request)
  File "/usr/local/lib/python3.14/site-packages/httpcore/_sync/connection.py", line 124, in _connect
    stream = self._network_backend.connect_tcp(**kwargs)
  File "/usr/local/lib/python3.14/site-packages/httpcore/_backends/sync.py", line 207, in connect_tcp
    with map_exceptions(exc_map):
         ~~~~~~~~~~~~~~^^^^^^^^^
  File "/usr/local/lib/python3.14/contextlib.py", line 162, in __exit__
    self.gen.throw(value)
    ~~~~~~~~~~~~~~^^^^^^^
  File "/usr/local/lib/python3.14/site-packages/httpcore/_exceptions.py", line 14, in map_exceptions
    raise to_exc(exc) from exc
httpcore.ConnectError: [Errno -2] Name or service not known

The above exception was the direct cause of the following exception:

Traceback (most recent call last):
  File "/app/nse_scraper/db/backends.py", line 133, in upsert_stockanalysis_stock
    self.client.table(self.stockanalysis_table).upsert(payload, on_conflict="ticker_symbol").execute()
    ~~~~~~~~~~~~~~~~~~~~~~~~~~~~~~~~~~~~~~~~~~~~~~~~~~~~~~~~~~~~~~~~~~~~~~~~~~~~~~~~~~~~~~~~~~~~~~~~^^
  File "/usr/local/lib/python3.14/site-packages/postgrest/_sync/request_builder.py", line 90, in execute
    r = send_with_retry(self.request)
  File "/usr/local/lib/python3.14/site-packages/postgrest/_sync/request_builder.py", line 51, in send_with_retry
    resp = req.send(headers)
  File "/usr/local/lib/python3.14/site-packages/postgrest/base_request_builder.py", line 90, in send
    return self.session.request(
           ~~~~~~~~~~~~~~~~~~~~^
        self.http_method,
        ^^^^^^^^^^^^^^^^^
    ...<4 lines>...
        auth=self.auth,
        ^^^^^^^^^^^^^^^
    )
    ^
  File "/usr/local/lib/python3.14/site-packages/httpx/_client.py", line 825, in request
    return self.send(request, auth=auth, follow_redirects=follow_redirects)
           ~~~~~~~~~^^^^^^^^^^^^^^^^^^^^^^^^^^^^^^^^^^^^^^^^^^^^^^^^^^^^^^^
  File "/usr/local/lib/python3.14/site-packages/httpx/_client.py", line 914, in send
    response = self._send_handling_auth(
        request,
    ...<2 lines>...
        history=[],
    )
  File "/usr/local/lib/python3.14/site-packages/httpx/_client.py", line 942, in _send_handling_auth
    response = self._send_handling_redirects(
        request,
        follow_redirects=follow_redirects,
        history=history,
    )
  File "/usr/local/lib/python3.14/site-packages/httpx/_client.py", line 979, in _send_handling_redirects
    response = self._send_single_request(request)
  File "/usr/local/lib/python3.14/site-packages/httpx/_client.py", line 1014, in _send_single_request
    response = transport.handle_request(request)
  File "/usr/local/lib/python3.14/site-packages/httpx/_transports/default.py", line 249, in handle_request
    with map_httpcore_exceptions():
         ~~~~~~~~~~~~~~~~~~~~~~~^^
  File "/usr/local/lib/python3.14/contextlib.py", line 162, in __exit__
    self.gen.throw(value)
    ~~~~~~~~~~~~~~^^^^^^^
  File "/usr/local/lib/python3.14/site-packages/httpx/_transports/default.py", line 118, in map_httpcore_exceptions
    raise mapped_exc(message) from exc
httpx.ConnectError: [Errno -2] Name or service not known
2026-07-26 18:25:56 [nse_scraper.db.backends] ERROR: Supabase upsert_stockanalysis_stock failed; writing local fallback
Traceback (most recent call last):
  File "/usr/local/lib/python3.14/site-packages/httpx/_transports/default.py", line 101, in map_httpcore_exceptions
    yield
  File "/usr/local/lib/python3.14/site-packages/httpx/_transports/default.py", line 250, in handle_request
    resp = self._pool.handle_request(req)
  File "/usr/local/lib/python3.14/site-packages/httpcore/_sync/connection_pool.py", line 256, in handle_request
    raise exc from None
  File "/usr/local/lib/python3.14/site-packages/httpcore/_sync/connection_pool.py", line 236, in handle_request
    response = connection.handle_request(
        pool_request.request
    )
  File "/usr/local/lib/python3.14/site-packages/httpcore/_sync/connection.py", line 101, in handle_request
    raise exc
  File "/usr/local/lib/python3.14/site-packages/httpcore/_sync/connection.py", line 78, in handle_request
    stream = self._connect(request)
  File "/usr/local/lib/python3.14/site-packages/httpcore/_sync/connection.py", line 124, in _connect
    stream = self._network_backend.connect_tcp(**kwargs)
  File "/usr/local/lib/python3.14/site-packages/httpcore/_backends/sync.py", line 207, in connect_tcp
    with map_exceptions(exc_map):
         ~~~~~~~~~~~~~~^^^^^^^^^
  File "/usr/local/lib/python3.14/contextlib.py", line 162, in __exit__
    self.gen.throw(value)
    ~~~~~~~~~~~~~~^^^^^^^
  File "/usr/local/lib/python3.14/site-packages/httpcore/_exceptions.py", line 14, in map_exceptions
    raise to_exc(exc) from exc
httpcore.ConnectError: [Errno -2] Name or service not known

The above exception was the direct cause of the following exception:

Traceback (most recent call last):
  File "/app/nse_scraper/db/backends.py", line 133, in upsert_stockanalysis_stock
    self.client.table(self.stockanalysis_table).upsert(payload, on_conflict="ticker_symbol").execute()
    ~~~~~~~~~~~~~~~~~~~~~~~~~~~~~~~~~~~~~~~~~~~~~~~~~~~~~~~~~~~~~~~~~~~~~~~~~~~~~~~~~~~~~~~~~~~~~~~~^^
  File "/usr/local/lib/python3.14/site-packages/postgrest/_sync/request_builder.py", line 90, in execute
    r = send_with_retry(self.request)
  File "/usr/local/lib/python3.14/site-packages/postgrest/_sync/request_builder.py", line 51, in send_with_retry
    resp = req.send(headers)
  File "/usr/local/lib/python3.14/site-packages/postgrest/base_request_builder.py", line 90, in send
    return self.session.request(
           ~~~~~~~~~~~~~~~~~~~~^
        self.http_method,
        ^^^^^^^^^^^^^^^^^
    ...<4 lines>...
        auth=self.auth,
        ^^^^^^^^^^^^^^^
    )
    ^
  File "/usr/local/lib/python3.14/site-packages/httpx/_client.py", line 825, in request
    return self.send(request, auth=auth, follow_redirects=follow_redirects)
           ~~~~~~~~~^^^^^^^^^^^^^^^^^^^^^^^^^^^^^^^^^^^^^^^^^^^^^^^^^^^^^^^
  File "/usr/local/lib/python3.14/site-packages/httpx/_client.py", line 914, in send
    response = self._send_handling_auth(
        request,
    ...<2 lines>...
        history=[],
    )
  File "/usr/local/lib/python3.14/site-packages/httpx/_client.py", line 942, in _send_handling_auth
    response = self._send_handling_redirects(
        request,
        follow_redirects=follow_redirects,
        history=history,
    )
  File "/usr/local/lib/python3.14/site-packages/httpx/_client.py", line 979, in _send_handling_redirects
    response = self._send_single_request(request)
  File "/usr/local/lib/python3.14/site-packages/httpx/_client.py", line 1014, in _send_single_request
    response = transport.handle_request(request)
  File "/usr/local/lib/python3.14/site-packages/httpx/_transports/default.py", line 249, in handle_request
    with map_httpcore_exceptions():
         ~~~~~~~~~~~~~~~~~~~~~~~^^
  File "/usr/local/lib/python3.14/contextlib.py", line 162, in __exit__
    self.gen.throw(value)
    ~~~~~~~~~~~~~~^^^^^^^
  File "/usr/local/lib/python3.14/site-packages/httpx/_transports/default.py", line 118, in map_httpcore_exceptions
    raise mapped_exc(message) from exc
httpx.ConnectError: [Errno -2] Name or service not known
2026-07-26 18:25:57 [nse_scraper.db.backends] ERROR: Supabase upsert_stockanalysis_stock failed; writing local fallback
Traceback (most recent call last):
  File "/usr/local/lib/python3.14/site-packages/httpx/_transports/default.py", line 101, in map_httpcore_exceptions
    yield
  File "/usr/local/lib/python3.14/site-packages/httpx/_transports/default.py", line 250, in handle_request
    resp = self._pool.handle_request(req)
  File "/usr/local/lib/python3.14/site-packages/httpcore/_sync/connection_pool.py", line 256, in handle_request
    raise exc from None
  File "/usr/local/lib/python3.14/site-packages/httpcore/_sync/connection_pool.py", line 236, in handle_request
    response = connection.handle_request(
        pool_request.request
    )
  File "/usr/local/lib/python3.14/site-packages/httpcore/_sync/connection.py", line 101, in handle_request
    raise exc
  File "/usr/local/lib/python3.14/site-packages/httpcore/_sync/connection.py", line 78, in handle_request
    stream = self._connect(request)
  File "/usr/local/lib/python3.14/site-packages/httpcore/_sync/connection.py", line 124, in _connect
    stream = self._network_backend.connect_tcp(**kwargs)
  File "/usr/local/lib/python3.14/site-packages/httpcore/_backends/sync.py", line 207, in connect_tcp
    with map_exceptions(exc_map):
         ~~~~~~~~~~~~~~^^^^^^^^^
  File "/usr/local/lib/python3.14/contextlib.py", line 162, in __exit__
    self.gen.throw(value)
    ~~~~~~~~~~~~~~^^^^^^^
  File "/usr/local/lib/python3.14/site-packages/httpcore/_exceptions.py", line 14, in map_exceptions
    raise to_exc(exc) from exc
httpcore.ConnectError: [Errno -2] Name or service not known

The above exception was the direct cause of the following exception:

Traceback (most recent call last):
  File "/app/nse_scraper/db/backends.py", line 133, in upsert_stockanalysis_stock
    self.client.table(self.stockanalysis_table).upsert(payload, on_conflict="ticker_symbol").execute()
    ~~~~~~~~~~~~~~~~~~~~~~~~~~~~~~~~~~~~~~~~~~~~~~~~~~~~~~~~~~~~~~~~~~~~~~~~~~~~~~~~~~~~~~~~~~~~~~~~^^
  File "/usr/local/lib/python3.14/site-packages/postgrest/_sync/request_builder.py", line 90, in execute
    r = send_with_retry(self.request)
  File "/usr/local/lib/python3.14/site-packages/postgrest/_sync/request_builder.py", line 51, in send_with_retry
    resp = req.send(headers)
  File "/usr/local/lib/python3.14/site-packages/postgrest/base_request_builder.py", line 90, in send
    return self.session.request(
           ~~~~~~~~~~~~~~~~~~~~^
        self.http_method,
        ^^^^^^^^^^^^^^^^^
    ...<4 lines>...
        auth=self.auth,
        ^^^^^^^^^^^^^^^
    )
    ^
  File "/usr/local/lib/python3.14/site-packages/httpx/_client.py", line 825, in request
    return self.send(request, auth=auth, follow_redirects=follow_redirects)
           ~~~~~~~~~^^^^^^^^^^^^^^^^^^^^^^^^^^^^^^^^^^^^^^^^^^^^^^^^^^^^^^^
  File "/usr/local/lib/python3.14/site-packages/httpx/_client.py", line 914, in send
    response = self._send_handling_auth(
        request,
    ...<2 lines>...
        history=[],
    )
  File "/usr/local/lib/python3.14/site-packages/httpx/_client.py", line 942, in _send_handling_auth
    response = self._send_handling_redirects(
        request,
        follow_redirects=follow_redirects,
        history=history,
    )
  File "/usr/local/lib/python3.14/site-packages/httpx/_client.py", line 979, in _send_handling_redirects
    response = self._send_single_request(request)
  File "/usr/local/lib/python3.14/site-packages/httpx/_client.py", line 1014, in _send_single_request
    response = transport.handle_request(request)
  File "/usr/local/lib/python3.14/site-packages/httpx/_transports/default.py", line 249, in handle_request
    with map_httpcore_exceptions():
         ~~~~~~~~~~~~~~~~~~~~~~~^^
  File "/usr/local/lib/python3.14/contextlib.py", line 162, in __exit__
    self.gen.throw(value)
    ~~~~~~~~~~~~~~^^^^^^^
  File "/usr/local/lib/python3.14/site-packages/httpx/_transports/default.py", line 118, in map_httpcore_exceptions
    raise mapped_exc(message) from exc
httpx.ConnectError: [Errno -2] Name or service not known
2026-07-26 18:25:57 [nse_scraper.db.backends] ERROR: Supabase upsert_stockanalysis_stock failed; writing local fallback
Traceback (most recent call last):
  File "/usr/local/lib/python3.14/site-packages/httpx/_transports/default.py", line 101, in map_httpcore_exceptions
    yield
  File "/usr/local/lib/python3.14/site-packages/httpx/_transports/default.py", line 250, in handle_request
    resp = self._pool.handle_request(req)
  File "/usr/local/lib/python3.14/site-packages/httpcore/_sync/connection_pool.py", line 256, in handle_request
    raise exc from None
  File "/usr/local/lib/python3.14/site-packages/httpcore/_sync/connection_pool.py", line 236, in handle_request
    response = connection.handle_request(
        pool_request.request
    )
  File "/usr/local/lib/python3.14/site-packages/httpcore/_sync/connection.py", line 101, in handle_request
    raise exc
  File "/usr/local/lib/python3.14/site-packages/httpcore/_sync/connection.py", line 78, in handle_request
    stream = self._connect(request)
  File "/usr/local/lib/python3.14/site-packages/httpcore/_sync/connection.py", line 124, in _connect
    stream = self._network_backend.connect_tcp(**kwargs)
  File "/usr/local/lib/python3.14/site-packages/httpcore/_backends/sync.py", line 207, in connect_tcp
    with map_exceptions(exc_map):
         ~~~~~~~~~~~~~~^^^^^^^^^
  File "/usr/local/lib/python3.14/contextlib.py", line 162, in __exit__
    self.gen.throw(value)
    ~~~~~~~~~~~~~~^^^^^^^
  File "/usr/local/lib/python3.14/site-packages/httpcore/_exceptions.py", line 14, in map_exceptions
    raise to_exc(exc) from exc
httpcore.ConnectError: [Errno -2] Name or service not known

The above exception was the direct cause of the following exception:

Traceback (most recent call last):
  File "/app/nse_scraper/db/backends.py", line 133, in upsert_stockanalysis_stock
    self.client.table(self.stockanalysis_table).upsert(payload, on_conflict="ticker_symbol").execute()
    ~~~~~~~~~~~~~~~~~~~~~~~~~~~~~~~~~~~~~~~~~~~~~~~~~~~~~~~~~~~~~~~~~~~~~~~~~~~~~~~~~~~~~~~~~~~~~~~~^^
  File "/usr/local/lib/python3.14/site-packages/postgrest/_sync/request_builder.py", line 90, in execute
    r = send_with_retry(self.request)
  File "/usr/local/lib/python3.14/site-packages/postgrest/_sync/request_builder.py", line 51, in send_with_retry
    resp = req.send(headers)
  File "/usr/local/lib/python3.14/site-packages/postgrest/base_request_builder.py", line 90, in send
    return self.session.request(
           ~~~~~~~~~~~~~~~~~~~~^
        self.http_method,
        ^^^^^^^^^^^^^^^^^
    ...<4 lines>...
        auth=self.auth,
        ^^^^^^^^^^^^^^^
    )
    ^
  File "/usr/local/lib/python3.14/site-packages/httpx/_client.py", line 825, in request
    return self.send(request, auth=auth, follow_redirects=follow_redirects)
           ~~~~~~~~~^^^^^^^^^^^^^^^^^^^^^^^^^^^^^^^^^^^^^^^^^^^^^^^^^^^^^^^
  File "/usr/local/lib/python3.14/site-packages/httpx/_client.py", line 914, in send
    response = self._send_handling_auth(
        request,
    ...<2 lines>...
        history=[],
    )
  File "/usr/local/lib/python3.14/site-packages/httpx/_client.py", line 942, in _send_handling_auth
    response = self._send_handling_redirects(
        request,
        follow_redirects=follow_redirects,
        history=history,
    )
  File "/usr/local/lib/python3.14/site-packages/httpx/_client.py", line 979, in _send_handling_redirects
    response = self._send_single_request(request)
  File "/usr/local/lib/python3.14/site-packages/httpx/_client.py", line 1014, in _send_single_request
    response = transport.handle_request(request)
  File "/usr/local/lib/python3.14/site-packages/httpx/_transports/default.py", line 249, in handle_request
    with map_httpcore_exceptions():
         ~~~~~~~~~~~~~~~~~~~~~~~^^
  File "/usr/local/lib/python3.14/contextlib.py", line 162, in __exit__
    self.gen.throw(value)
    ~~~~~~~~~~~~~~^^^^^^^
  File "/usr/local/lib/python3.14/site-packages/httpx/_transports/default.py", line 118, in map_httpcore_exceptions
    raise mapped_exc(message) from exc
httpx.ConnectError: [Errno -2] Name or service not known
2026-07-26 18:25:57 [nse_scraper.db.backends] ERROR: Supabase upsert_stockanalysis_stock failed; writing local fallback
Traceback (most recent call last):
  File "/usr/local/lib/python3.14/site-packages/httpx/_transports/default.py", line 101, in map_httpcore_exceptions
    yield
  File "/usr/local/lib/python3.14/site-packages/httpx/_transports/default.py", line 250, in handle_request
    resp = self._pool.handle_request(req)
  File "/usr/local/lib/python3.14/site-packages/httpcore/_sync/connection_pool.py", line 256, in handle_request
    raise exc from None
  File "/usr/local/lib/python3.14/site-packages/httpcore/_sync/connection_pool.py", line 236, in handle_request
    response = connection.handle_request(
        pool_request.request
    )
  File "/usr/local/lib/python3.14/site-packages/httpcore/_sync/connection.py", line 101, in handle_request
    raise exc
  File "/usr/local/lib/python3.14/site-packages/httpcore/_sync/connection.py", line 78, in handle_request
    stream = self._connect(request)
  File "/usr/local/lib/python3.14/site-packages/httpcore/_sync/connection.py", line 124, in _connect
    stream = self._network_backend.connect_tcp(**kwargs)
  File "/usr/local/lib/python3.14/site-packages/httpcore/_backends/sync.py", line 207, in connect_tcp
    with map_exceptions(exc_map):
         ~~~~~~~~~~~~~~^^^^^^^^^
  File "/usr/local/lib/python3.14/contextlib.py", line 162, in __exit__
    self.gen.throw(value)
    ~~~~~~~~~~~~~~^^^^^^^
  File "/usr/local/lib/python3.14/site-packages/httpcore/_exceptions.py", line 14, in map_exceptions
    raise to_exc(exc) from exc
httpcore.ConnectError: [Errno -2] Name or service not known

The above exception was the direct cause of the following exception:

Traceback (most recent call last):
  File "/app/nse_scraper/db/backends.py", line 133, in upsert_stockanalysis_stock
    self.client.table(self.stockanalysis_table).upsert(payload, on_conflict="ticker_symbol").execute()
    ~~~~~~~~~~~~~~~~~~~~~~~~~~~~~~~~~~~~~~~~~~~~~~~~~~~~~~~~~~~~~~~~~~~~~~~~~~~~~~~~~~~~~~~~~~~~~~~~^^
  File "/usr/local/lib/python3.14/site-packages/postgrest/_sync/request_builder.py", line 90, in execute
    r = send_with_retry(self.request)
  File "/usr/local/lib/python3.14/site-packages/postgrest/_sync/request_builder.py", line 51, in send_with_retry
    resp = req.send(headers)
  File "/usr/local/lib/python3.14/site-packages/postgrest/base_request_builder.py", line 90, in send
    return self.session.request(
           ~~~~~~~~~~~~~~~~~~~~^
        self.http_method,
        ^^^^^^^^^^^^^^^^^
    ...<4 lines>...
        auth=self.auth,
        ^^^^^^^^^^^^^^^
    )
    ^
  File "/usr/local/lib/python3.14/site-packages/httpx/_client.py", line 825, in request
    return self.send(request, auth=auth, follow_redirects=follow_redirects)
           ~~~~~~~~~^^^^^^^^^^^^^^^^^^^^^^^^^^^^^^^^^^^^^^^^^^^^^^^^^^^^^^^
  File "/usr/local/lib/python3.14/site-packages/httpx/_client.py", line 914, in send
    response = self._send_handling_auth(
        request,
    ...<2 lines>...
        history=[],
    )
  File "/usr/local/lib/python3.14/site-packages/httpx/_client.py", line 942, in _send_handling_auth
    response = self._send_handling_redirects(
        request,
        follow_redirects=follow_redirects,
        history=history,
    )
  File "/usr/local/lib/python3.14/site-packages/httpx/_client.py", line 979, in _send_handling_redirects
    response = self._send_single_request(request)
  File "/usr/local/lib/python3.14/site-packages/httpx/_client.py", line 1014, in _send_single_request
    response = transport.handle_request(request)
  File "/usr/local/lib/python3.14/site-packages/httpx/_transports/default.py", line 249, in handle_request
    with map_httpcore_exceptions():
         ~~~~~~~~~~~~~~~~~~~~~~~^^
  File "/usr/local/lib/python3.14/contextlib.py", line 162, in __exit__
    self.gen.throw(value)
    ~~~~~~~~~~~~~~^^^^^^^
  File "/usr/local/lib/python3.14/site-packages/httpx/_transports/default.py", line 118, in map_httpcore_exceptions
    raise mapped_exc(message) from exc
httpx.ConnectError: [Errno -2] Name or service not known
2026-07-26 18:25:57 [nse_scraper.db.backends] ERROR: Supabase upsert_stockanalysis_stock failed; writing local fallback
Traceback (most recent call last):
  File "/usr/local/lib/python3.14/site-packages/httpx/_transports/default.py", line 101, in map_httpcore_exceptions
    yield
  File "/usr/local/lib/python3.14/site-packages/httpx/_transports/default.py", line 250, in handle_request
    resp = self._pool.handle_request(req)
  File "/usr/local/lib/python3.14/site-packages/httpcore/_sync/connection_pool.py", line 256, in handle_request
    raise exc from None
  File "/usr/local/lib/python3.14/site-packages/httpcore/_sync/connection_pool.py", line 236, in handle_request
    response = connection.handle_request(
        pool_request.request
    )
  File "/usr/local/lib/python3.14/site-packages/httpcore/_sync/connection.py", line 101, in handle_request
    raise exc
  File "/usr/local/lib/python3.14/site-packages/httpcore/_sync/connection.py", line 78, in handle_request
    stream = self._connect(request)
  File "/usr/local/lib/python3.14/site-packages/httpcore/_sync/connection.py", line 124, in _connect
    stream = self._network_backend.connect_tcp(**kwargs)
  File "/usr/local/lib/python3.14/site-packages/httpcore/_backends/sync.py", line 207, in connect_tcp
    with map_exceptions(exc_map):
         ~~~~~~~~~~~~~~^^^^^^^^^
  File "/usr/local/lib/python3.14/contextlib.py", line 162, in __exit__
    self.gen.throw(value)
    ~~~~~~~~~~~~~~^^^^^^^
  File "/usr/local/lib/python3.14/site-packages/httpcore/_exceptions.py", line 14, in map_exceptions
    raise to_exc(exc) from exc
httpcore.ConnectError: [Errno -2] Name or service not known

The above exception was the direct cause of the following exception:

Traceback (most recent call last):
  File "/app/nse_scraper/db/backends.py", line 133, in upsert_stockanalysis_stock
    self.client.table(self.stockanalysis_table).upsert(payload, on_conflict="ticker_symbol").execute()
    ~~~~~~~~~~~~~~~~~~~~~~~~~~~~~~~~~~~~~~~~~~~~~~~~~~~~~~~~~~~~~~~~~~~~~~~~~~~~~~~~~~~~~~~~~~~~~~~~^^
  File "/usr/local/lib/python3.14/site-packages/postgrest/_sync/request_builder.py", line 90, in execute
    r = send_with_retry(self.request)
  File "/usr/local/lib/python3.14/site-packages/postgrest/_sync/request_builder.py", line 51, in send_with_retry
    resp = req.send(headers)
  File "/usr/local/lib/python3.14/site-packages/postgrest/base_request_builder.py", line 90, in send
    return self.session.request(
           ~~~~~~~~~~~~~~~~~~~~^
        self.http_method,
        ^^^^^^^^^^^^^^^^^
    ...<4 lines>...
        auth=self.auth,
        ^^^^^^^^^^^^^^^
    )
    ^
  File "/usr/local/lib/python3.14/site-packages/httpx/_client.py", line 825, in request
    return self.send(request, auth=auth, follow_redirects=follow_redirects)
           ~~~~~~~~~^^^^^^^^^^^^^^^^^^^^^^^^^^^^^^^^^^^^^^^^^^^^^^^^^^^^^^^
  File "/usr/local/lib/python3.14/site-packages/httpx/_client.py", line 914, in send
    response = self._send_handling_auth(
        request,
    ...<2 lines>...
        history=[],
    )
  File "/usr/local/lib/python3.14/site-packages/httpx/_client.py", line 942, in _send_handling_auth
    response = self._send_handling_redirects(
        request,
        follow_redirects=follow_redirects,
        history=history,
    )
  File "/usr/local/lib/python3.14/site-packages/httpx/_client.py", line 979, in _send_handling_redirects
    response = self._send_single_request(request)
  File "/usr/local/lib/python3.14/site-packages/httpx/_client.py", line 1014, in _send_single_request
    response = transport.handle_request(request)
  File "/usr/local/lib/python3.14/site-packages/httpx/_transports/default.py", line 249, in handle_request
    with map_httpcore_exceptions():
         ~~~~~~~~~~~~~~~~~~~~~~~^^
  File "/usr/local/lib/python3.14/contextlib.py", line 162, in __exit__
    self.gen.throw(value)
    ~~~~~~~~~~~~~~^^^^^^^
  File "/usr/local/lib/python3.14/site-packages/httpx/_transports/default.py", line 118, in map_httpcore_exceptions
    raise mapped_exc(message) from exc
httpx.ConnectError: [Errno -2] Name or service not known
2026-07-26 18:25:57 [nse_scraper.db.backends] ERROR: Supabase upsert_stockanalysis_stock failed; writing local fallback
Traceback (most recent call last):
  File "/usr/local/lib/python3.14/site-packages/httpx/_transports/default.py", line 101, in map_httpcore_exceptions
    yield
  File "/usr/local/lib/python3.14/site-packages/httpx/_transports/default.py", line 250, in handle_request
    resp = self._pool.handle_request(req)
  File "/usr/local/lib/python3.14/site-packages/httpcore/_sync/connection_pool.py", line 256, in handle_request
    raise exc from None
  File "/usr/local/lib/python3.14/site-packages/httpcore/_sync/connection_pool.py", line 236, in handle_request
    response = connection.handle_request(
        pool_request.request
    )
  File "/usr/local/lib/python3.14/site-packages/httpcore/_sync/connection.py", line 101, in handle_request
    raise exc
  File "/usr/local/lib/python3.14/site-packages/httpcore/_sync/connection.py", line 78, in handle_request
    stream = self._connect(request)
  File "/usr/local/lib/python3.14/site-packages/httpcore/_sync/connection.py", line 124, in _connect
    stream = self._network_backend.connect_tcp(**kwargs)
  File "/usr/local/lib/python3.14/site-packages/httpcore/_backends/sync.py", line 207, in connect_tcp
    with map_exceptions(exc_map):
         ~~~~~~~~~~~~~~^^^^^^^^^
  File "/usr/local/lib/python3.14/contextlib.py", line 162, in __exit__
    self.gen.throw(value)
    ~~~~~~~~~~~~~~^^^^^^^
  File "/usr/local/lib/python3.14/site-packages/httpcore/_exceptions.py", line 14, in map_exceptions
    raise to_exc(exc) from exc
httpcore.ConnectError: [Errno -2] Name or service not known

The above exception was the direct cause of the following exception:

Traceback (most recent call last):
  File "/app/nse_scraper/db/backends.py", line 133, in upsert_stockanalysis_stock
    self.client.table(self.stockanalysis_table).upsert(payload, on_conflict="ticker_symbol").execute()
    ~~~~~~~~~~~~~~~~~~~~~~~~~~~~~~~~~~~~~~~~~~~~~~~~~~~~~~~~~~~~~~~~~~~~~~~~~~~~~~~~~~~~~~~~~~~~~~~~^^
  File "/usr/local/lib/python3.14/site-packages/postgrest/_sync/request_builder.py", line 90, in execute
    r = send_with_retry(self.request)
  File "/usr/local/lib/python3.14/site-packages/postgrest/_sync/request_builder.py", line 51, in send_with_retry
    resp = req.send(headers)
  File "/usr/local/lib/python3.14/site-packages/postgrest/base_request_builder.py", line 90, in send
    return self.session.request(
           ~~~~~~~~~~~~~~~~~~~~^
        self.http_method,
        ^^^^^^^^^^^^^^^^^
    ...<4 lines>...
        auth=self.auth,
        ^^^^^^^^^^^^^^^
    )
    ^
  File "/usr/local/lib/python3.14/site-packages/httpx/_client.py", line 825, in request
    return self.send(request, auth=auth, follow_redirects=follow_redirects)
           ~~~~~~~~~^^^^^^^^^^^^^^^^^^^^^^^^^^^^^^^^^^^^^^^^^^^^^^^^^^^^^^^
  File "/usr/local/lib/python3.14/site-packages/httpx/_client.py", line 914, in send
    response = self._send_handling_auth(
        request,
    ...<2 lines>...
        history=[],
    )
  File "/usr/local/lib/python3.14/site-packages/httpx/_client.py", line 942, in _send_handling_auth
    response = self._send_handling_redirects(
        request,
        follow_redirects=follow_redirects,
        history=history,
    )
  File "/usr/local/lib/python3.14/site-packages/httpx/_client.py", line 979, in _send_handling_redirects
    response = self._send_single_request(request)
  File "/usr/local/lib/python3.14/site-packages/httpx/_client.py", line 1014, in _send_single_request
    response = transport.handle_request(request)
  File "/usr/local/lib/python3.14/site-packages/httpx/_transports/default.py", line 249, in handle_request
    with map_httpcore_exceptions():
         ~~~~~~~~~~~~~~~~~~~~~~~^^
  File "/usr/local/lib/python3.14/contextlib.py", line 162, in __exit__
    self.gen.throw(value)
    ~~~~~~~~~~~~~~^^^^^^^
  File "/usr/local/lib/python3.14/site-packages/httpx/_transports/default.py", line 118, in map_httpcore_exceptions
    raise mapped_exc(message) from exc
httpx.ConnectError: [Errno -2] Name or service not known
2026-07-26 18:25:57 [nse_scraper.db.backends] ERROR: Supabase upsert_stockanalysis_stock failed; writing local fallback
Traceback (most recent call last):
  File "/usr/local/lib/python3.14/site-packages/httpx/_transports/default.py", line 101, in map_httpcore_exceptions
    yield
  File "/usr/local/lib/python3.14/site-packages/httpx/_transports/default.py", line 250, in handle_request
    resp = self._pool.handle_request(req)
  File "/usr/local/lib/python3.14/site-packages/httpcore/_sync/connection_pool.py", line 256, in handle_request
    raise exc from None
  File "/usr/local/lib/python3.14/site-packages/httpcore/_sync/connection_pool.py", line 236, in handle_request
    response = connection.handle_request(
        pool_request.request
    )
  File "/usr/local/lib/python3.14/site-packages/httpcore/_sync/connection.py", line 101, in handle_request
    raise exc
  File "/usr/local/lib/python3.14/site-packages/httpcore/_sync/connection.py", line 78, in handle_request
    stream = self._connect(request)
  File "/usr/local/lib/python3.14/site-packages/httpcore/_sync/connection.py", line 124, in _connect
    stream = self._network_backend.connect_tcp(**kwargs)
  File "/usr/local/lib/python3.14/site-packages/httpcore/_backends/sync.py", line 207, in connect_tcp
    with map_exceptions(exc_map):
         ~~~~~~~~~~~~~~^^^^^^^^^
  File "/usr/local/lib/python3.14/contextlib.py", line 162, in __exit__
    self.gen.throw(value)
    ~~~~~~~~~~~~~~^^^^^^^
  File "/usr/local/lib/python3.14/site-packages/httpcore/_exceptions.py", line 14, in map_exceptions
    raise to_exc(exc) from exc
httpcore.ConnectError: [Errno -2] Name or service not known

The above exception was the direct cause of the following exception:

Traceback (most recent call last):
  File "/app/nse_scraper/db/backends.py", line 133, in upsert_stockanalysis_stock
    self.client.table(self.stockanalysis_table).upsert(payload, on_conflict="ticker_symbol").execute()
    ~~~~~~~~~~~~~~~~~~~~~~~~~~~~~~~~~~~~~~~~~~~~~~~~~~~~~~~~~~~~~~~~~~~~~~~~~~~~~~~~~~~~~~~~~~~~~~~~^^
  File "/usr/local/lib/python3.14/site-packages/postgrest/_sync/request_builder.py", line 90, in execute
    r = send_with_retry(self.request)
  File "/usr/local/lib/python3.14/site-packages/postgrest/_sync/request_builder.py", line 51, in send_with_retry
    resp = req.send(headers)
  File "/usr/local/lib/python3.14/site-packages/postgrest/base_request_builder.py", line 90, in send
    return self.session.request(
           ~~~~~~~~~~~~~~~~~~~~^
        self.http_method,
        ^^^^^^^^^^^^^^^^^
    ...<4 lines>...
        auth=self.auth,
        ^^^^^^^^^^^^^^^
    )
    ^
  File "/usr/local/lib/python3.14/site-packages/httpx/_client.py", line 825, in request
    return self.send(request, auth=auth, follow_redirects=follow_redirects)
           ~~~~~~~~~^^^^^^^^^^^^^^^^^^^^^^^^^^^^^^^^^^^^^^^^^^^^^^^^^^^^^^^
  File "/usr/local/lib/python3.14/site-packages/httpx/_client.py", line 914, in send
    response = self._send_handling_auth(
        request,
    ...<2 lines>...
        history=[],
    )
  File "/usr/local/lib/python3.14/site-packages/httpx/_client.py", line 942, in _send_handling_auth
    response = self._send_handling_redirects(
        request,
        follow_redirects=follow_redirects,
        history=history,
    )
  File "/usr/local/lib/python3.14/site-packages/httpx/_client.py", line 979, in _send_handling_redirects
    response = self._send_single_request(request)
  File "/usr/local/lib/python3.14/site-packages/httpx/_client.py", line 1014, in _send_single_request
    response = transport.handle_request(request)
  File "/usr/local/lib/python3.14/site-packages/httpx/_transports/default.py", line 249, in handle_request
    with map_httpcore_exceptions():
         ~~~~~~~~~~~~~~~~~~~~~~~^^
  File "/usr/local/lib/python3.14/contextlib.py", line 162, in __exit__
    self.gen.throw(value)
    ~~~~~~~~~~~~~~^^^^^^^
  File "/usr/local/lib/python3.14/site-packages/httpx/_transports/default.py", line 118, in map_httpcore_exceptions
    raise mapped_exc(message) from exc
httpx.ConnectError: [Errno -2] Name or service not known
2026-07-26 18:25:57 [nse_scraper.db.backends] ERROR: Supabase upsert_stockanalysis_stock failed; writing local fallback
Traceback (most recent call last):
  File "/usr/local/lib/python3.14/site-packages/httpx/_transports/default.py", line 101, in map_httpcore_exceptions
    yield
  File "/usr/local/lib/python3.14/site-packages/httpx/_transports/default.py", line 250, in handle_request
    resp = self._pool.handle_request(req)
  File "/usr/local/lib/python3.14/site-packages/httpcore/_sync/connection_pool.py", line 256, in handle_request
    raise exc from None
  File "/usr/local/lib/python3.14/site-packages/httpcore/_sync/connection_pool.py", line 236, in handle_request
    response = connection.handle_request(
        pool_request.request
    )
  File "/usr/local/lib/python3.14/site-packages/httpcore/_sync/connection.py", line 101, in handle_request
    raise exc
  File "/usr/local/lib/python3.14/site-packages/httpcore/_sync/connection.py", line 78, in handle_request
    stream = self._connect(request)
  File "/usr/local/lib/python3.14/site-packages/httpcore/_sync/connection.py", line 124, in _connect
    stream = self._network_backend.connect_tcp(**kwargs)
  File "/usr/local/lib/python3.14/site-packages/httpcore/_backends/sync.py", line 207, in connect_tcp
    with map_exceptions(exc_map):
         ~~~~~~~~~~~~~~^^^^^^^^^
  File "/usr/local/lib/python3.14/contextlib.py", line 162, in __exit__
    self.gen.throw(value)
    ~~~~~~~~~~~~~~^^^^^^^
  File "/usr/local/lib/python3.14/site-packages/httpcore/_exceptions.py", line 14, in map_exceptions
    raise to_exc(exc) from exc
httpcore.ConnectError: [Errno -2] Name or service not known

The above exception was the direct cause of the following exception:

Traceback (most recent call last):
  File "/app/nse_scraper/db/backends.py", line 133, in upsert_stockanalysis_stock
    self.client.table(self.stockanalysis_table).upsert(payload, on_conflict="ticker_symbol").execute()
    ~~~~~~~~~~~~~~~~~~~~~~~~~~~~~~~~~~~~~~~~~~~~~~~~~~~~~~~~~~~~~~~~~~~~~~~~~~~~~~~~~~~~~~~~~~~~~~~~^^
  File "/usr/local/lib/python3.14/site-packages/postgrest/_sync/request_builder.py", line 90, in execute
    r = send_with_retry(self.request)
  File "/usr/local/lib/python3.14/site-packages/postgrest/_sync/request_builder.py", line 51, in send_with_retry
    resp = req.send(headers)
  File "/usr/local/lib/python3.14/site-packages/postgrest/base_request_builder.py", line 90, in send
    return self.session.request(
           ~~~~~~~~~~~~~~~~~~~~^
        self.http_method,
        ^^^^^^^^^^^^^^^^^
    ...<4 lines>...
        auth=self.auth,
        ^^^^^^^^^^^^^^^
    )
    ^
  File "/usr/local/lib/python3.14/site-packages/httpx/_client.py", line 825, in request
    return self.send(request, auth=auth, follow_redirects=follow_redirects)
           ~~~~~~~~~^^^^^^^^^^^^^^^^^^^^^^^^^^^^^^^^^^^^^^^^^^^^^^^^^^^^^^^
  File "/usr/local/lib/python3.14/site-packages/httpx/_client.py", line 914, in send
    response = self._send_handling_auth(
        request,
    ...<2 lines>...
        history=[],
    )
  File "/usr/local/lib/python3.14/site-packages/httpx/_client.py", line 942, in _send_handling_auth
    response = self._send_handling_redirects(
        request,
        follow_redirects=follow_redirects,
        history=history,
    )
  File "/usr/local/lib/python3.14/site-packages/httpx/_client.py", line 979, in _send_handling_redirects
    response = self._send_single_request(request)
  File "/usr/local/lib/python3.14/site-packages/httpx/_client.py", line 1014, in _send_single_request
    response = transport.handle_request(request)
  File "/usr/local/lib/python3.14/site-packages/httpx/_transports/default.py", line 249, in handle_request
    with map_httpcore_exceptions():
         ~~~~~~~~~~~~~~~~~~~~~~~^^
  File "/usr/local/lib/python3.14/contextlib.py", line 162, in __exit__
    self.gen.throw(value)
    ~~~~~~~~~~~~~~^^^^^^^
  File "/usr/local/lib/python3.14/site-packages/httpx/_transports/default.py", line 118, in map_httpcore_exceptions
    raise mapped_exc(message) from exc
httpx.ConnectError: [Errno -2] Name or service not known
2026-07-26 18:25:57 [nse_scraper.db.backends] ERROR: Supabase upsert_stockanalysis_stock failed; writing local fallback
Traceback (most recent call last):
  File "/usr/local/lib/python3.14/site-packages/httpx/_transports/default.py", line 101, in map_httpcore_exceptions
    yield
  File "/usr/local/lib/python3.14/site-packages/httpx/_transports/default.py", line 250, in handle_request
    resp = self._pool.handle_request(req)
  File "/usr/local/lib/python3.14/site-packages/httpcore/_sync/connection_pool.py", line 256, in handle_request
    raise exc from None
  File "/usr/local/lib/python3.14/site-packages/httpcore/_sync/connection_pool.py", line 236, in handle_request
    response = connection.handle_request(
        pool_request.request
    )
  File "/usr/local/lib/python3.14/site-packages/httpcore/_sync/connection.py", line 101, in handle_request
    raise exc
  File "/usr/local/lib/python3.14/site-packages/httpcore/_sync/connection.py", line 78, in handle_request
    stream = self._connect(request)
  File "/usr/local/lib/python3.14/site-packages/httpcore/_sync/connection.py", line 124, in _connect
    stream = self._network_backend.connect_tcp(**kwargs)
  File "/usr/local/lib/python3.14/site-packages/httpcore/_backends/sync.py", line 207, in connect_tcp
    with map_exceptions(exc_map):
         ~~~~~~~~~~~~~~^^^^^^^^^
  File "/usr/local/lib/python3.14/contextlib.py", line 162, in __exit__
    self.gen.throw(value)
    ~~~~~~~~~~~~~~^^^^^^^
  File "/usr/local/lib/python3.14/site-packages/httpcore/_exceptions.py", line 14, in map_exceptions
    raise to_exc(exc) from exc
httpcore.ConnectError: [Errno -2] Name or service not known

The above exception was the direct cause of the following exception:

Traceback (most recent call last):
  File "/app/nse_scraper/db/backends.py", line 133, in upsert_stockanalysis_stock
    self.client.table(self.stockanalysis_table).upsert(payload, on_conflict="ticker_symbol").execute()
    ~~~~~~~~~~~~~~~~~~~~~~~~~~~~~~~~~~~~~~~~~~~~~~~~~~~~~~~~~~~~~~~~~~~~~~~~~~~~~~~~~~~~~~~~~~~~~~~~^^
  File "/usr/local/lib/python3.14/site-packages/postgrest/_sync/request_builder.py", line 90, in execute
    r = send_with_retry(self.request)
  File "/usr/local/lib/python3.14/site-packages/postgrest/_sync/request_builder.py", line 51, in send_with_retry
    resp = req.send(headers)
  File "/usr/local/lib/python3.14/site-packages/postgrest/base_request_builder.py", line 90, in send
    return self.session.request(
           ~~~~~~~~~~~~~~~~~~~~^
        self.http_method,
        ^^^^^^^^^^^^^^^^^
    ...<4 lines>...
        auth=self.auth,
        ^^^^^^^^^^^^^^^
    )
    ^
  File "/usr/local/lib/python3.14/site-packages/httpx/_client.py", line 825, in request
    return self.send(request, auth=auth, follow_redirects=follow_redirects)
           ~~~~~~~~~^^^^^^^^^^^^^^^^^^^^^^^^^^^^^^^^^^^^^^^^^^^^^^^^^^^^^^^
  File "/usr/local/lib/python3.14/site-packages/httpx/_client.py", line 914, in send
    response = self._send_handling_auth(
        request,
    ...<2 lines>...
        history=[],
    )
  File "/usr/local/lib/python3.14/site-packages/httpx/_client.py", line 942, in _send_handling_auth
    response = self._send_handling_redirects(
        request,
        follow_redirects=follow_redirects,
        history=history,
    )
  File "/usr/local/lib/python3.14/site-packages/httpx/_client.py", line 979, in _send_handling_redirects
    response = self._send_single_request(request)
  File "/usr/local/lib/python3.14/site-packages/httpx/_client.py", line 1014, in _send_single_request
    response = transport.handle_request(request)
  File "/usr/local/lib/python3.14/site-packages/httpx/_transports/default.py", line 249, in handle_request
    with map_httpcore_exceptions():
         ~~~~~~~~~~~~~~~~~~~~~~~^^
  File "/usr/local/lib/python3.14/contextlib.py", line 162, in __exit__
    self.gen.throw(value)
    ~~~~~~~~~~~~~~^^^^^^^
  File "/usr/local/lib/python3.14/site-packages/httpx/_transports/default.py", line 118, in map_httpcore_exceptions
    raise mapped_exc(message) from exc
httpx.ConnectError: [Errno -2] Name or service not known
2026-07-26 18:25:57 [nse_scraper.db.backends] ERROR: Supabase upsert_stockanalysis_stock failed; writing local fallback
Traceback (most recent call last):
  File "/usr/local/lib/python3.14/site-packages/httpx/_transports/default.py", line 101, in map_httpcore_exceptions
    yield
  File "/usr/local/lib/python3.14/site-packages/httpx/_transports/default.py", line 250, in handle_request
    resp = self._pool.handle_request(req)
  File "/usr/local/lib/python3.14/site-packages/httpcore/_sync/connection_pool.py", line 256, in handle_request
    raise exc from None
  File "/usr/local/lib/python3.14/site-packages/httpcore/_sync/connection_pool.py", line 236, in handle_request
    response = connection.handle_request(
        pool_request.request
    )
  File "/usr/local/lib/python3.14/site-packages/httpcore/_sync/connection.py", line 101, in handle_request
    raise exc
  File "/usr/local/lib/python3.14/site-packages/httpcore/_sync/connection.py", line 78, in handle_request
    stream = self._connect(request)
  File "/usr/local/lib/python3.14/site-packages/httpcore/_sync/connection.py", line 124, in _connect
    stream = self._network_backend.connect_tcp(**kwargs)
  File "/usr/local/lib/python3.14/site-packages/httpcore/_backends/sync.py", line 207, in connect_tcp
    with map_exceptions(exc_map):
         ~~~~~~~~~~~~~~^^^^^^^^^
  File "/usr/local/lib/python3.14/contextlib.py", line 162, in __exit__
    self.gen.throw(value)
    ~~~~~~~~~~~~~~^^^^^^^
  File "/usr/local/lib/python3.14/site-packages/httpcore/_exceptions.py", line 14, in map_exceptions
    raise to_exc(exc) from exc
httpcore.ConnectError: [Errno -2] Name or service not known

The above exception was the direct cause of the following exception:

Traceback (most recent call last):
  File "/app/nse_scraper/db/backends.py", line 133, in upsert_stockanalysis_stock
    self.client.table(self.stockanalysis_table).upsert(payload, on_conflict="ticker_symbol").execute()
    ~~~~~~~~~~~~~~~~~~~~~~~~~~~~~~~~~~~~~~~~~~~~~~~~~~~~~~~~~~~~~~~~~~~~~~~~~~~~~~~~~~~~~~~~~~~~~~~~^^
  File "/usr/local/lib/python3.14/site-packages/postgrest/_sync/request_builder.py", line 90, in execute
    r = send_with_retry(self.request)
  File "/usr/local/lib/python3.14/site-packages/postgrest/_sync/request_builder.py", line 51, in send_with_retry
    resp = req.send(headers)
  File "/usr/local/lib/python3.14/site-packages/postgrest/base_request_builder.py", line 90, in send
    return self.session.request(
           ~~~~~~~~~~~~~~~~~~~~^
        self.http_method,
        ^^^^^^^^^^^^^^^^^
    ...<4 lines>...
        auth=self.auth,
        ^^^^^^^^^^^^^^^
    )
    ^
  File "/usr/local/lib/python3.14/site-packages/httpx/_client.py", line 825, in request
    return self.send(request, auth=auth, follow_redirects=follow_redirects)
           ~~~~~~~~~^^^^^^^^^^^^^^^^^^^^^^^^^^^^^^^^^^^^^^^^^^^^^^^^^^^^^^^
  File "/usr/local/lib/python3.14/site-packages/httpx/_client.py", line 914, in send
    response = self._send_handling_auth(
        request,
    ...<2 lines>...
        history=[],
    )
  File "/usr/local/lib/python3.14/site-packages/httpx/_client.py", line 942, in _send_handling_auth
    response = self._send_handling_redirects(
        request,
        follow_redirects=follow_redirects,
        history=history,
    )
  File "/usr/local/lib/python3.14/site-packages/httpx/_client.py", line 979, in _send_handling_redirects
    response = self._send_single_request(request)
  File "/usr/local/lib/python3.14/site-packages/httpx/_client.py", line 1014, in _send_single_request
    response = transport.handle_request(request)
  File "/usr/local/lib/python3.14/site-packages/httpx/_transports/default.py", line 249, in handle_request
    with map_httpcore_exceptions():
         ~~~~~~~~~~~~~~~~~~~~~~~^^
  File "/usr/local/lib/python3.14/contextlib.py", line 162, in __exit__
    self.gen.throw(value)
    ~~~~~~~~~~~~~~^^^^^^^
  File "/usr/local/lib/python3.14/site-packages/httpx/_transports/default.py", line 118, in map_httpcore_exceptions
    raise mapped_exc(message) from exc
httpx.ConnectError: [Errno -2] Name or service not known
2026-07-26 18:25:58 [nse_scraper.db.backends] ERROR: Supabase upsert_stockanalysis_stock failed; writing local fallback
Traceback (most recent call last):
  File "/usr/local/lib/python3.14/site-packages/httpx/_transports/default.py", line 101, in map_httpcore_exceptions
    yield
  File "/usr/local/lib/python3.14/site-packages/httpx/_transports/default.py", line 250, in handle_request
    resp = self._pool.handle_request(req)
  File "/usr/local/lib/python3.14/site-packages/httpcore/_sync/connection_pool.py", line 256, in handle_request
    raise exc from None
  File "/usr/local/lib/python3.14/site-packages/httpcore/_sync/connection_pool.py", line 236, in handle_request
    response = connection.handle_request(
        pool_request.request
    )
  File "/usr/local/lib/python3.14/site-packages/httpcore/_sync/connection.py", line 101, in handle_request
    raise exc
  File "/usr/local/lib/python3.14/site-packages/httpcore/_sync/connection.py", line 78, in handle_request
    stream = self._connect(request)
  File "/usr/local/lib/python3.14/site-packages/httpcore/_sync/connection.py", line 124, in _connect
    stream = self._network_backend.connect_tcp(**kwargs)
  File "/usr/local/lib/python3.14/site-packages/httpcore/_backends/sync.py", line 207, in connect_tcp
    with map_exceptions(exc_map):
         ~~~~~~~~~~~~~~^^^^^^^^^
  File "/usr/local/lib/python3.14/contextlib.py", line 162, in __exit__
    self.gen.throw(value)
    ~~~~~~~~~~~~~~^^^^^^^
  File "/usr/local/lib/python3.14/site-packages/httpcore/_exceptions.py", line 14, in map_exceptions
    raise to_exc(exc) from exc
httpcore.ConnectError: [Errno -2] Name or service not known

The above exception was the direct cause of the following exception:

Traceback (most recent call last):
  File "/app/nse_scraper/db/backends.py", line 133, in upsert_stockanalysis_stock
    self.client.table(self.stockanalysis_table).upsert(payload, on_conflict="ticker_symbol").execute()
    ~~~~~~~~~~~~~~~~~~~~~~~~~~~~~~~~~~~~~~~~~~~~~~~~~~~~~~~~~~~~~~~~~~~~~~~~~~~~~~~~~~~~~~~~~~~~~~~~^^
  File "/usr/local/lib/python3.14/site-packages/postgrest/_sync/request_builder.py", line 90, in execute
    r = send_with_retry(self.request)
  File "/usr/local/lib/python3.14/site-packages/postgrest/_sync/request_builder.py", line 51, in send_with_retry
    resp = req.send(headers)
  File "/usr/local/lib/python3.14/site-packages/postgrest/base_request_builder.py", line 90, in send
    return self.session.request(
           ~~~~~~~~~~~~~~~~~~~~^
        self.http_method,
        ^^^^^^^^^^^^^^^^^
    ...<4 lines>...
        auth=self.auth,
        ^^^^^^^^^^^^^^^
    )
    ^
  File "/usr/local/lib/python3.14/site-packages/httpx/_client.py", line 825, in request
    return self.send(request, auth=auth, follow_redirects=follow_redirects)
           ~~~~~~~~~^^^^^^^^^^^^^^^^^^^^^^^^^^^^^^^^^^^^^^^^^^^^^^^^^^^^^^^
  File "/usr/local/lib/python3.14/site-packages/httpx/_client.py", line 914, in send
    response = self._send_handling_auth(
        request,
    ...<2 lines>...
        history=[],
    )
  File "/usr/local/lib/python3.14/site-packages/httpx/_client.py", line 942, in _send_handling_auth
    response = self._send_handling_redirects(
        request,
        follow_redirects=follow_redirects,
        history=history,
    )
  File "/usr/local/lib/python3.14/site-packages/httpx/_client.py", line 979, in _send_handling_redirects
    response = self._send_single_request(request)
  File "/usr/local/lib/python3.14/site-packages/httpx/_client.py", line 1014, in _send_single_request
    response = transport.handle_request(request)
  File "/usr/local/lib/python3.14/site-packages/httpx/_transports/default.py", line 249, in handle_request
    with map_httpcore_exceptions():
         ~~~~~~~~~~~~~~~~~~~~~~~^^
  File "/usr/local/lib/python3.14/contextlib.py", line 162, in __exit__
    self.gen.throw(value)
    ~~~~~~~~~~~~~~^^^^^^^
  File "/usr/local/lib/python3.14/site-packages/httpx/_transports/default.py", line 118, in map_httpcore_exceptions
    raise mapped_exc(message) from exc
httpx.ConnectError: [Errno -2] Name or service not known
2026-07-26 18:25:58 [nse_scraper.extensions] ERROR: Data quality gate FAILED for stockanalysis_scraper: all 63 database writes failed (see reports/local_fallback)
2026-07-26 18:25:58 [scrapy.statscollectors] INFO: Dumping Scrapy stats:
{'downloader/request_bytes': 153349,
 'downloader/request_count': 410,
 'downloader/request_method_count/GET': 410,
 'downloader/response_bytes': 6061228,
 'downloader/response_count': 410,
 'downloader/response_status_count/200': 36,
 'downloader/response_status_count/403': 353,
 'downloader/response_status_count/404': 21,
 'elapsed_time_seconds': 988.072388,
 'finish_reason': 'finished',
 'finish_time': datetime.datetime(2026, 7, 26, 18, 25, 58, 123903, tzinfo=datetime.timezone.utc),
 'httpcompression/response_bytes': 15754580,
 'httpcompression/response_count': 410,
 'item_scraped_count': 146,
 'items_per_minute': 8.866396761133604,
 'log_count/ERROR': 133,
 'log_count/INFO': 21,
 'log_count/WARNING': 91,
 'memusage/max': 109391872,
 'memusage/startup': 103886848,
 'nse/db_upsert_failed': 63,
 'request_depth_max': 1,
 'response_received_count': 127,
 'responses_per_minute': 7.71255060728745,
 'retry/count': 283,
 'retry/max_reached': 70,
 'retry/reason_count/403 Forbidden': 283,
 'scheduler/dequeued': 410,
 'scheduler/dequeued/memory': 410,
 'scheduler/enqueued': 410,
 'scheduler/enqueued/memory': 410,
 'start_time': datetime.datetime(2026, 7, 26, 18, 9, 30, 51515, tzinfo=datetime.timezone.utc),
 'stockanalysis/symbol_page_failed': 91}
2026-07-26 18:25:58 [scrapy.core.engine] INFO: Spider closed (finished)
[2026-07-26T18:26:00+0000] END stockanalysis_scraper exit=0
[2026-07-26T18:26:00+0000] QUALITY stockanalysis_scraper FAILED items=146 min=120 db_ok=0 db_failed=63 all 63 database writes failed (see reports/local_fallback)
[2026-07-26T18:26:00+0000] RUN_STATUS FAILED afx_exit=0 stockanalysis_exit=2
